query,answer,intent
"context: MLOps Engineer: Skills to learn: Machine learning model deployment, version control, continuous integration/continuous deployment (CI/CD), containerization, cloud platforms, and understanding of machine learning lifecycle management.

MLOps Engineer
MLOps engineers focus on the deployment, monitoring, and management of machine learning models in production. They work to streamline the process of taking machine learning models from development to deployment, ensuring that models are scalable, reliable, and maintainable in real-world applications.

DevOps Engineer
DevOps engineers are responsible for bridging the gap between development and operations teams, advocating for automation and monitoring at all stages of software construction. They oversee code releases, implement continuous integration and deployment, and ensure that the infrastructure needed to support software code is operating efficiently.
question: What is the function of an MLOps engineer within an organization?
Answer the question based on the provided context","MLOps engineers focus on the deployment, monitoring, and management of machine learning models in production. They work to streamline the process of taking machine learning models from development to deployment, ensuring that models are scalable, reliable, and maintainable in real-world applications.",profession_description
"context: IT Project Manager: IT project managers plan, execute, and oversee IT projects, ensuring that they are completed within budget and on schedule. They coordinate resources, manage risks, and communicate with stakeholders throughout the project lifecycle.

Web Developer: Web developers design, build, and maintain websites. They work with clients and stakeholders to create visually appealing and functional web solutions using various programming languages and web development tools.

IT Project Manager: Skills to learn: Project management methodologies (e.g., Agile, Waterfall), stakeholder management, risk assessment and management, budgeting, scheduling, resource allocation, and communication skills.
question: What are the primary differences between a web developer and an IT project manager?
Answer the question based on the provided context","Web developers design, build, and maintain websites. They work with clients and stakeholders to create visually appealing and functional web solutions using various programming languages and web development tools.  IT project managers plan, execute, and oversee IT projects, ensuring that they are completed within budget and on schedule. They coordinate resources, manage risks, and communicate with stakeholders throughout the project lifecycle.",professions_difference
"context: Database Administrator/DB Administrator: Skills to learn: Database management systems (e.g., SQL Server, Oracle, MySQL), data security, backup and recovery, database performance tuning, and query optimization.

Database Administrator/ DB Administrator: Skills to learn: Database management systems (e.g., SQL Server, Oracle, MySQL), data security, backup and recovery, database performance tuning, query optimization, and familiarity with database design principles.

Full Stack Developer: Skills to learn: Proficiency in front-end technologies (e.g., HTML, CSS, JavaScript), back-end frameworks (e.g., Node.js, Django, Ruby on Rails), databases (e.g., MySQL, MongoDB), version control (e.g., Git), and familiarity with web development tools and libraries (e.g., React, Angular, Vue.js).
question: I have experience in Java, Spring Boot, Hibernate, MySQL, and RESTful APIs. What role suits me the best?
Answer the question based on the provided context","Based on your experience in Java, Spring Boot, Hibernate, MySQL, and RESTful APIs, the role that suits you the best would be a Full Stack Developer. ",profession_for_skills
"context: Data Scientist: Data scientists utilize advanced analytical and programming skills to explore, interpret, and extract valuable insights from large, complex datasets. They apply statistical models, machine learning algorithms, and predictive analytics to solve business problems, identify opportunities, and support data-driven decision-making.

Data Scientist: Skills to learn: Machine learning, statistical analysis, data mining, programming languages (e.g., Python, R), big data technologies, data visualization, and domain knowledge in the relevant industry.

Data Analyst: Data analysts are tasked with interpreting and analyzing complex data sets to uncover insights that can inform business decisions. They use statistical methods and visualization techniques to present their findings in a clear and understandable manner, helping organizations understand trends, make strategic choices, and optimize performance.
question: What is the role of a data scientist in data analysis and modeling?
Answer the question based on the provided context","Data scientists utilize advanced analytical and programming skills to explore, interpret, and extract valuable insights from large, complex datasets. They apply statistical models, machine learning algorithms, and predictive analytics to solve business problems, identify opportunities, and support data-driven decision-making.",profession_description
"context: NLP Engineer/ Natural Language processing engineer
NLP engineers focus on developing and implementing natural language processing (NLP) systems and applications. They work on creating algorithms and models that enable computers to understand, interpret, and generate human language in a valuable way.

Natural language processing (NLP) techniques: Natural language processing (NLP) techniques involve the use of computational methods to analyze, understand, and generate human language. These techniques include tasks such as text classification, sentiment analysis, named entity recognition, and language modeling.

NLP Engineer/ Natural Language processing engineer: Skills to learn: Natural language processing (NLP) techniques, text mining, sentiment analysis, language modeling, programming languages (e.g., Python, R), and understanding of linguistic principles.
question: In what ways does an NLP engineer support the development of language understanding applications?
Answer the question based on the provided context","NLP engineers focus on developing and implementing natural language processing (NLP) systems and applications. They work on creating algorithms and models that enable computers to understand, interpret, and generate human language in a valuable way.",profession_description
"context: IT Project Manager: IT project managers plan, execute, and oversee IT projects, ensuring that they are completed within budget and on schedule. They coordinate resources, manage risks, and communicate with stakeholders throughout the project lifecycle.

IT Support Specialist: Skills to learn: Technical troubleshooting, knowledge of operating systems (e.g., Windows, Linux), hardware diagnostics, customer service, remote support tools, and familiarity with IT service management (ITSM) processes.

IT Support Specialist: IT support specialists provide technical assistance and troubleshooting for end users' hardware and software issues. They address IT-related inquiries, diagnose problems, and implement solutions to maintain operational efficiency.
question: What sets apart an IT project manager from an IT support specialist?
Answer the question based on the provided context","IT project managers plan, execute, and oversee IT projects, ensuring that they are completed within budget and on schedule. They coordinate resources, manage risks, and communicate with stakeholders throughout the project lifecycle.  IT support specialists provide technical assistance and troubleshooting for end users' hardware and software issues. They address IT-related inquiries, diagnose problems, and implement solutions to maintain operational efficiency.",professions_difference
"context: Data analysis visualization tools: Data analysis visualization tools, such as Tableau and Power BI, enable users to create visual representations of data, including charts, graphs, and dashboards, to facilitate data exploration and communication.

Data Analyst: Skills to learn: Data analysis, SQL, data visualization tools (e.g., Tableau, Power BI), statistical analysis, programming languages (e.g., Python, R), and understanding of data modeling and reporting.

Business Intelligence Developer/ BI Developer: Skills to learn: Data modeling, SQL, data visualization tools (e.g., Tableau, Power BI), ETL processes, understanding of business requirements, and domain knowledge in the relevant industry.
question: With expertise in data analysis visualization tools, Tableau, Power BI, and SQL, what profession should I consider?
Answer the question based on the provided context","With expertise in data analysis visualization tools like Tableau and Power BI, as well as SQL, pursuing a career as a Business Intelligence Developer (BI Developer) would align well with your skills and experience.",profession_for_skills
"context: Cyber Security Specialist: Cyber security specialists focus on safeguarding computer systems and networks from security threats. They implement security measures, conduct risk assessments, and respond to security incidents to protect organizations' digital assets.

Computer Vision Engineer/ CV Engineer
Computer vision engineers specialize in developing and implementing computer vision systems, which enable computers to interpret and understand the visual world. They work on creating algorithms and models that allow machines to perceive and interpret visual information from the physical world, enabling applications such as facial recognition, object detection, and image classification.

Cyber Security Specialist Salary/ Annual Income/ Compensation: CAD 75,000 - CAD 130,000
question: How does a computer vision engineer differ from a cyber security specialist?
Answer the question based on the provided context","Computer vision engineers specialize in developing and implementing computer vision systems, which enable computers to interpret and understand the visual world. They work on creating algorithms and models that allow machines to perceive and interpret visual information from the physical world, enabling applications such as facial recognition, object detection, and image classification.  Cyber security specialists focus on safeguarding computer systems and networks from security threats. They implement security measures, conduct risk assessments, and respond to security incidents to protect organizations' digital assets.",professions_difference
"context: Deep Learning Engineer: Skills to learn: Deep learning frameworks (e.g., TensorFlow, PyTorch), neural networks, computer vision, natural language processing (NLP), programming languages (e.g., Python, R), and understanding of model optimization.

Deep Learning Engineer
Deep learning engineers specialize in developing and implementing deep learning systems, which are a subset of machine learning algorithms that are particularly effective for complex data analysis. They work on creating neural networks that are capable of learning from large amounts of data and making predictions or decisions based on that data.

Computer Vision Engineer/ CV Engineer/ Vision Engineer: Skills to learn: Computer vision algorithms, image processing, deep learning frameworks (e.g., TensorFlow, PyTorch), programming languages (e.g., Python, C++), and understanding of image recognition technologies.
question: What courses or certifications should I pursue to become a deep learning engineer?
Answer the question based on the provided context","To become a deep learning engineer, consider courses or certifications in deep learning frameworks like TensorFlow or PyTorch, neural networks, computer vision, natural language processing, and model optimization.",skills_required_for_profession
"context: Business Intelligence Developer/ BI Developer Salary/ Annual Income/ Compensation: CAD 70,000 - CAD 120,000

Business Intelligence Analyst Salary/ Annual Income/ Compensation: CAD 65,000 - CAD 110,000

Artificial Intelligence Specialist Salary/ Annual Income/ Compensation: CAD 85,000 - CAD 145,000
question: What's the salary range for a Lead Business Intelligence Developer?
Answer the question based on the provided context","The salary range for a Lead Business Intelligence Developer typically ranges from CAD 70,000 to CAD 120,000 per year.",professions_salary
"context: Network Administrator: Network administrators manage and maintain an organization's computer networks. They ensure network functionality, performance, and security, and address any issues that may arise.

Systems Analyst: Systems analysts analyze an organization’s computer systems and design solutions to help improve efficiency and effectiveness. They work to understand the organization's needs and tailor information systems to meet those requirements.

Network Administrator: Skills to learn: Network configuration, troubleshooting, security protocols (e.g., SSL, VPN), network monitoring tools, understanding of TCP/IP, DNS, DHCP, routing, and familiarity with network hardware and software.
question: What distinguishes a systems analyst from a network administrator?
Answer the question based on the provided context","Systems analysts analyze an organization’s computer systems and design solutions to help improve efficiency and effectiveness. They work to understand the organization's needs and tailor information systems to meet those requirements.  Network administrators manage and maintain an organization's computer networks. They ensure network functionality, performance, and security, and address any issues that may arise. ",professions_difference
"context: Computer Network Architect Salary/ Annual Income/ Compensation: CAD 80,000 - CAD 135,000

Network Administrator Salary/ Annual Income/ Compensation: CAD 60,000 - CAD 100,000

Data Architect: CAD 90,000 Salary/ Annual Income/ Compensation- CAD 150,000
question: What's the salary range for a Lead Computer Network Architect?
Answer the question based on the provided context","The salary range for a Lead Computer Network Architect is typically between CAD 80,000 and CAD 135,000 per year.",professions_salary
"context: Full Stack Developer: Full stack developers are proficient in both front-end and back-end web development. They work on creating and maintaining web applications from start to finish, handling both client-side and server-side programming tasks. Full stack developers are skilled in various programming languages and frameworks, allowing them to build interactive and dynamic websites that meet client requirements.

Full Stack Developer: Skills to learn: Proficiency in front-end technologies (e.g., HTML, CSS, JavaScript), back-end frameworks (e.g., Node.js, Django, Ruby on Rails), databases (e.g., MySQL, MongoDB), version control (e.g., Git), and familiarity with web development tools and libraries (e.g., React, Angular, Vue.js).

Full Stack Developer Salary/ Annual Income/ Compensation: CAD 70,000 - CAD 120,000
question: What projects or initiatives does a Full Stack Developer typically contribute to within a company?
Answer the question based on the provided context","Full stack developers are proficient in both front-end and back-end web development. They work on creating and maintaining web applications from start to finish, handling both client-side and server-side programming tasks. Full stack developers are skilled in various programming languages and frameworks, allowing them to build interactive and dynamic websites that meet client requirements.",profession_description
"context: MLOps Engineer: Skills to learn: Machine learning model deployment, version control, continuous integration/continuous deployment (CI/CD), containerization, cloud platforms, and understanding of machine learning lifecycle management.

MLOps Engineer
MLOps engineers focus on the deployment, monitoring, and management of machine learning models in production. They work to streamline the process of taking machine learning models from development to deployment, ensuring that models are scalable, reliable, and maintainable in real-world applications.

DevOps Engineer
DevOps engineers are responsible for bridging the gap between development and operations teams, advocating for automation and monitoring at all stages of software construction. They oversee code releases, implement continuous integration and deployment, and ensure that the infrastructure needed to support software code is operating efficiently.
question: What is the role of an MLOps engineer?
Answer the question based on the provided context","MLOps engineers focus on the deployment, monitoring, and management of machine learning models in production. They work to streamline the process of taking machine learning models from development to deployment, ensuring that models are scalable, reliable, and maintainable in real-world applications.",profession_description
"context: Machine Learning Engineer/ ML Engineer: Machine learning engineers develop and deploy machine learning models and systems that enable computers to perform tasks without explicit programming. They work on designing, implementing, and optimizing machine learning algorithms and models, often in collaboration with data scientists and software developers, to create intelligent solutions for various applications.

Machine Learning Engineer/ ML Engineer: Skills to learn: Machine learning algorithms, deep learning, neural networks, programming languages (e.g., Python, R), data preprocessing, model deployment, and understanding of cloud platforms.

Artificial Intelligence Specialist/ AI Specialist/ AI Engineer: Skills to learn: Machine learning, deep learning, natural language processing (NLP), computer vision, neural networks, programming languages (e.g., Python, R), and understanding of AI ethics and regulations.
question: What are the main duties of a machine learning engineer?
Answer the question based on the provided context","Machine learning engineers develop and deploy machine learning models and systems that enable computers to perform tasks without explicit programming. They work on designing, implementing, and optimizing machine learning algorithms and models, often in collaboration with data scientists and software developers, to create intelligent solutions for various applications.",profession_description
"context: Data Engineer: Skills to learn: SQL, Python, data warehousing, ETL (Extract, Transform, Load) tools, database design, cloud platforms (e.g., AWS, GCP), big data technologies (e.g., Hadoop, Spark), and data visualization.

Data Architect: Skills to learn: Data modeling, database design, ETL (Extract, Transform, Load) processes, understanding of cloud platforms, big data technologies, and data governance.

Data Scientist: Skills to learn: Machine learning, Data Science, statistical analysis, data mining, programming languages (e.g., Python, R), big data technologies, data visualization, and domain knowledge in the relevant industry.
question: With expertise in data modeling, ETL, SQL, and Spark, what profession should I consider?
Answer the question based on the provided context","Based on your expertise in data modeling, ETL, SQL, and Spark, a profession you should consider is Data Engineer.",profession_for_skills
"context: Data Engineer: A data engineer designs, builds, and maintains the architecture that allows for the processing and storage of large datasets. They are responsible for developing and managing the infrastructure for data generation, collection, and storage, ensuring data availability and reliability for the organization's analytical and operational needs.

Data Engineer: Skills to learn: SQL, Python, data warehousing, ETL (Extract, Transform, Load) tools, database design, cloud platforms (e.g., AWS, GCP), big data technologies (e.g., Hadoop, Spark), and data visualization.

Data Scientist: Data scientists utilize advanced analytical and programming skills to explore, interpret, and extract valuable insights from large, complex datasets. They apply statistical models, machine learning algorithms, and predictive analytics to solve business problems, identify opportunities, and support data-driven decision-making.
question: How does a data scientist differ from a data engineer?
Answer the question based on the provided context","Data scientists utilize advanced analytical and programming skills to explore, interpret, and extract valuable insights from large, complex datasets. They apply statistical models, machine learning algorithms, and predictive analytics to solve business problems, identify opportunities, and support data-driven decision-making.  A data engineer designs, builds, and maintains the architecture that allows for the processing and storage of large datasets. They are responsible for developing and managing the infrastructure for data generation, collection, and storage, ensuring data availability and reliability for the organization's analytical and operational needs. ",professions_difference
"context: NLP Engineer/ Natural Language Processing Engineer Salary/ Annual Income/ Compensation: CAD 85,000 - CAD 145,000

Software Developer Salary/ Annual Income/ Compensation: CAD 65,000 - CAD 110,000

Web Developer Salary/ Annual Income/ Compensation: CAD 60,000 - CAD 105,000
question: What's the salary range for an NLP Engineer?
Answer the question based on the provided context","The salary range for an NLP Engineer is typically between CAD 85,000 and CAD 145,000 annually.",professions_salary
"context: NLP Engineer/ Natural Language processing engineer
NLP engineers focus on developing and implementing natural language processing (NLP) systems and applications. They work on creating algorithms and models that enable computers to understand, interpret, and generate human language in a valuable way.

Computer Vision Engineer/ CV Engineer
Computer vision engineers specialize in developing and implementing computer vision systems, which enable computers to interpret and understand the visual world. They work on creating algorithms and models that allow machines to perceive and interpret visual information from the physical world, enabling applications such as facial recognition, object detection, and image classification.

Computer Vision Engineer/ CV Engineer/ Vision Engineer: Skills to learn: Computer vision algorithms, image processing, deep learning frameworks (e.g., TensorFlow, PyTorch), programming languages (e.g., Python, C++), and understanding of image recognition technologies.
question: What distinguishes a computer vision engineer from a natural language processing engineer?
Answer the question based on the provided context","Computer vision engineers specialize in developing and implementing computer vision systems, which enable computers to interpret and understand the visual world. They work on creating algorithms and models that allow machines to perceive and interpret visual information from the physical world, enabling applications such as facial recognition, object detection, and image classification.  NLP engineers focus on developing and implementing natural language processing (NLP) systems and applications. They work on creating algorithms and models that enable computers to understand, interpret, and generate human language in a valuable way.",professions_difference
"context: Data Scientist: Data scientists utilize advanced analytical and programming skills to explore, interpret, and extract valuable insights from large, complex datasets. They apply statistical models, machine learning algorithms, and predictive analytics to solve business problems, identify opportunities, and support data-driven decision-making.

Data Engineer: A data engineer designs, builds, and maintains the architecture that allows for the processing and storage of large datasets. They are responsible for developing and managing the infrastructure for data generation, collection, and storage, ensuring data availability and reliability for the organization's analytical and operational needs.

Data analysis: Data analysis involves examining, cleaning, transforming, and modeling data to discover useful information, patterns, and insights that can support decision-making and problem-solving.
question: In what ways does a data engineer support data-driven decision making?
Answer the question based on the provided context","A data engineer supports data-driven decision-making by designing, building, and maintaining architectures for processing and storing large datasets. They develop and manage infrastructure for data generation, collection, and storage, ensuring data availability and reliability. ",profession_description
"context: Cyber Security Specialist Salary/ Annual Income/ Compensation: CAD 75,000 - CAD 130,000

IT Security Consultant Salary/ Annual Income/ Compensation: CAD 80,000 - CAD 135,000

Network Security Engineer Salary/ Annual Income/ Compensation: CAD 75,000 - CAD 130,000
question: What's the salary range for a Senior Cyber Security Specialist?
Answer the question based on the provided context","The salary range for a Senior Cyber Security Specialist typically falls between CAD 75,000 and CAD 130,000 per year.",professions_salary
"context: Data and Analytics Manager: Skills to learn: Data strategy, data governance, team management, data visualization, business intelligence tools, project management, and understanding of data security and compliance.

Data Scientist: Data scientists utilize advanced analytical and programming skills to explore, interpret, and extract valuable insights from large, complex datasets. They apply statistical models, machine learning algorithms, and predictive analytics to solve business problems, identify opportunities, and support data-driven decision-making.

Data Scientist: Skills to learn: Machine learning, statistical analysis, data mining, programming languages (e.g., Python, R), big data technologies, data visualization, and domain knowledge in the relevant industry.
question: What specific skills are essential for a Data Scientist?
Answer the question based on the provided context","For a Data Scientist role, essential skills include proficiency in Machine learning, statistical analysis, data mining, programming languages (e.g., Python, R), big data technologies, data visualization, and domain knowledge in the relevant industry.",skills_required_for_profession
"context: Network Administrator: Network administrators manage and maintain an organization's computer networks. They ensure network functionality, performance, and security, and address any issues that may arise.

Systems Analyst: Systems analysts analyze an organization’s computer systems and design solutions to help improve efficiency and effectiveness. They work to understand the organization's needs and tailor information systems to meet those requirements.

Network Administrator: Skills to learn: Network configuration, troubleshooting, security protocols (e.g., SSL, VPN), network monitoring tools, understanding of TCP/IP, DNS, DHCP, routing, and familiarity with network hardware and software.
question: How does a network administrator differ from a systems analyst?
Answer the question based on the provided context","Network administrators manage and maintain an organization's computer networks. They ensure network functionality, performance, and security, and address any issues that may arise.  Systems analysts analyze an organization’s computer systems and design solutions to help improve efficiency and effectiveness. They work to understand the organization's needs and tailor information systems to meet those requirements.",professions_difference
"context: Machine Learning Engineer/ ML Engineer: Machine learning engineers develop and deploy machine learning models and systems that enable computers to perform tasks without explicit programming. They work on designing, implementing, and optimizing machine learning algorithms and models, often in collaboration with data scientists and software developers, to create intelligent solutions for various applications.

Machine Learning Engineer/ ML Engineer: Skills to learn: Machine learning algorithms, deep learning, neural networks, programming languages (e.g., Python, R), data preprocessing, model deployment, and understanding of cloud platforms.

Artificial Intelligence Specialist/ AI Specialist/ AI Engineer: Skills to learn: Machine learning, deep learning, natural language processing (NLP), computer vision, neural networks, programming languages (e.g., Python, R), and understanding of AI ethics and regulations.
question: What is the role of a machine learning engineer?
Answer the question based on the provided context","Machine learning engineers develop and deploy machine learning models and systems that enable computers to perform tasks without explicit programming. They work on designing, implementing, and optimizing machine learning algorithms and models, often in collaboration with data scientists and software developers, to create intelligent solutions for various applications.",profession_description
"context: Data Analyst: Data analysts are tasked with interpreting and analyzing complex data sets to uncover insights that can inform business decisions. They use statistical methods and visualization techniques to present their findings in a clear and understandable manner, helping organizations understand trends, make strategic choices, and optimize performance.

Data Analyst: Skills to learn: Data analysis, SQL, data visualization tools (e.g., Tableau, Power BI), statistical analysis, programming languages (e.g., Python, R), and understanding of data modeling and reporting.

Data Scientist: Data scientists utilize advanced analytical and programming skills to explore, interpret, and extract valuable insights from large, complex datasets. They apply statistical models, machine learning algorithms, and predictive analytics to solve business problems, identify opportunities, and support data-driven decision-making.
question: What are the responsibilities of a data analyst?
Answer the question based on the provided context","Data analysts are tasked with interpreting and analyzing complex data sets to uncover insights that can inform business decisions. They use statistical methods and visualization techniques to present their findings in a clear and understandable manner, helping organizations understand trends, make strategic choices, and optimize performance.",profession_description
"context: Data Scientist: Skills to learn: Machine learning, Data Science, statistical analysis, data mining, programming languages (e.g., Python, R), big data technologies, data visualization, and domain knowledge in the relevant industry.

Data Analyst: Skills to learn: Data analysis, SQL, data visualization tools (e.g., Tableau, Power BI), statistical analysis, programming languages (e.g., Python, R), and understanding of data modeling and reporting.

Data Engineer: Skills to learn: SQL, Python, data warehousing, ETL (Extract, Transform, Load) tools, database design, cloud platforms (e.g., AWS, GCP), big data technologies (e.g., Hadoop, Spark), and data visualization.
question: My skills include data analysis, SQL, Power BI, machine learning, and Python. What career path would be most suitable for me?
Answer the question based on the provided context","With skills in data analysis, SQL, Power BI, machine learning, and Python, pursuing a career as a Data Scientist would be most suitable for you.",profession_for_skills
"context: MLOps Engineer: Skills to learn: Machine learning model deployment, version control, continuous integration/continuous deployment (CI/CD), containerization, cloud platforms, and understanding of machine learning lifecycle management.

DevOps Engineer: Skills to learn: Continuous integration/continuous deployment (CI/CD), containerization (e.g., Docker, Kubernetes), infrastructure as code (IaC), scripting languages (e.g., Bash, Python), and cloud platforms.

Machine Learning Engineer/ ML Engineer: Skills to learn: Machine learning algorithms, deep learning, neural networks, programming languages (e.g., Python, R), data preprocessing, model deployment, and understanding of cloud platforms.
question: What skills are required for someone working as an MLOps engineer?
Answer the question based on the provided context","Skills required for an MLOps engineer include machine learning model deployment, version control, continuous integration/continuous deployment (CI/CD), containerization, cloud platforms, and understanding of machine learning lifecycle management. ",skills_required_for_profession
"context: Game Developer: Game developers create interactive and immersive gaming experiences for various platforms, including consoles, PCs, and mobile devices. They are skilled in programming languages like C++, Unity, and Unreal Engine. Game developers design game mechanics, develop game logic, and optimize game performance to deliver engaging and enjoyable gaming experiences for players.


Data Scientist: Data scientists utilize advanced analytical and programming skills to explore, interpret, and extract valuable insights from large, complex datasets. They apply statistical models, machine learning algorithms, and predictive analytics to solve business problems, identify opportunities, and support data-driven decision-making.

Data Scientist: Skills to learn: Machine learning, Data Science, statistical analysis, data mining, programming languages (e.g., Python, R), big data technologies, data visualization, and domain knowledge in the relevant industry.
question: What sets apart a data scientist from a game developer?
Answer the question based on the provided context","Data scientists utilize advanced analytical and programming skills to explore, interpret, and extract valuable insights from large, complex datasets. They apply statistical models, machine learning algorithms, and predictive analytics to solve business problems, identify opportunities, and support data-driven decision-making.  Game developers create interactive and immersive gaming experiences for various platforms, including consoles, PCs, and mobile devices. They are skilled in programming languages like C++, Unity, and Unreal Engine. Game developers design game mechanics, develop game logic, and optimize game performance to deliver engaging and enjoyable gaming experiences for players. ",professions_difference
"context: Computer Vision Engineer/ CV Engineer Salary/ Annual Income/ Compensation: CAD 90,000 - CAD 155,000

Machine Learning Engineer/ ML Engineer- Salary/ Annual Income/ Compensation: CAD 85,000 - CAD 150,000

Computer Network Architect Salary/ Annual Income/ Compensation: CAD 80,000 - CAD 135,000
question: Can you give me an idea of the salary range for a Computer Vision Engineer?
Answer the question based on the provided context","The salary range for a Computer Vision Engineer typically ranges from CAD 90,000 to CAD 155,000 annually.",professions_salary
"context: MLOps Engineer: Skills to learn: Machine learning model deployment, version control, continuous integration/continuous deployment (CI/CD), containerization, cloud platforms, and understanding of machine learning lifecycle management.

MLOps Engineer
MLOps engineers focus on the deployment, monitoring, and management of machine learning models in production. They work to streamline the process of taking machine learning models from development to deployment, ensuring that models are scalable, reliable, and maintainable in real-world applications.

DevOps Engineer
DevOps engineers are responsible for bridging the gap between development and operations teams, advocating for automation and monitoring at all stages of software construction. They oversee code releases, implement continuous integration and deployment, and ensure that the infrastructure needed to support software code is operating efficiently.
question: What is expected from an MLOps engineer in their role?
Answer the question based on the provided context","MLOps engineers focus on the deployment, monitoring, and management of machine learning models in production. They work to streamline the process of taking machine learning models from development to deployment, ensuring that models are scalable, reliable, and maintainable in real-world applications.",profession_description
"context: MLOps Engineer: Skills to learn: Machine learning model deployment, version control, continuous integration/continuous deployment (CI/CD), containerization, cloud platforms, and understanding of machine learning lifecycle management.

Machine Learning Engineer/ ML Engineer: Skills to learn: Machine learning algorithms, deep learning, neural networks, programming languages (e.g., Python, R), data preprocessing, model deployment, and understanding of cloud platforms.

Artificial Intelligence Specialist/ AI Specialist/ AI Engineer: Skills to learn: Machine learning, deep learning, natural language processing (NLP), computer vision, neural networks, programming languages (e.g., Python, R), and understanding of AI ethics and regulations.
question: What technical expertise is required to succeed as an ML OPs Engineer?
Answer the question based on the provided context","To succeed as an MLOps Engineer, you need technical expertise in Machine learning model deployment, version control, continuous integration/continuous deployment (CI/CD), containerization, cloud platforms, and understanding of machine learning lifecycle management.",skills_required_for_profession
"context: IT Security Consultant Salary/ Annual Income/ Compensation: CAD 80,000 - CAD 135,000

Cyber Security Specialist Salary/ Annual Income/ Compensation: CAD 75,000 - CAD 130,000

Network Security Engineer Salary/ Annual Income/ Compensation: CAD 75,000 - CAD 130,000
question: Can you give me an idea of the salary range for a Lead IT Security Consultant?
Answer the question based on the provided context","The salary range for a Lead IT Security Consultant is typically between CAD 80,000 and CAD 135,000 annually.",professions_salary
"context: Cloud Architect: Cloud architects design and oversee the implementation of cloud computing solutions. They develop cloud strategies, optimize cloud infrastructure, and ensure security and compliance with industry standards.

Cloud Architect: Skills to learn: Cloud computing platforms (e.g., AWS, Azure, Google Cloud), infrastructure as code (IaC), security and compliance, networking concepts, and knowledge of cloud migration strategies.

IT Security Consultant: IT security consultants advise organizations on how to protect their information and data from cyber threats. They assess security risks, develop security policies, and recommend and implement security solutions.
question: How does an IT security consultant differ from a cloud architect?
Answer the question based on the provided context","IT security consultants advise organizations on how to protect their information and data from cyber threats. They assess security risks, develop security policies, and recommend and implement security solutions.  Cloud architects design and oversee the implementation of cloud computing solutions. They develop cloud strategies, optimize cloud infrastructure, and ensure security and compliance with industry standards.",professions_difference
"context: Data Scientist: Data scientists utilize advanced analytical and programming skills to explore, interpret, and extract valuable insights from large, complex datasets. They apply statistical models, machine learning algorithms, and predictive analytics to solve business problems, identify opportunities, and support data-driven decision-making.

Data Analyst: Data analysts are tasked with interpreting and analyzing complex data sets to uncover insights that can inform business decisions. They use statistical methods and visualization techniques to present their findings in a clear and understandable manner, helping organizations understand trends, make strategic choices, and optimize performance.

Data analysis: Data analysis involves examining, cleaning, transforming, and modeling data to discover useful information, patterns, and insights that can support decision-making and problem-solving.
question: How does a data scientist contribute to data-driven decision making?
Answer the question based on the provided context","Data scientists utilize advanced analytical and programming skills to explore, interpret, and extract valuable insights from large, complex datasets. They apply statistical models, machine learning algorithms, and predictive analytics to solve business problems, identify opportunities, and support data-driven decision-making.",profession_description
"context: MLOps Engineer Salary/ Annual Income/ Compensation: CAD 85,000 - CAD 145,000

Machine Learning Engineer/ ML Engineer- Salary/ Annual Income/ Compensation: CAD 85,000 - CAD 150,000

DevOps Engineer Salary/ Annual Income/ Compensation: CAD 80,000 - CAD 140,000
question: How much does a Senior MLOps Engineer typically earn?
Answer the question based on the provided context","A Senior MLOps Engineer typically earns between CAD 85,000 and CAD 145,000 per year.",professions_salary
"context: Full Stack Developer: Skills to learn: Proficiency in front-end technologies (e.g., HTML, CSS, JavaScript), back-end frameworks (e.g., Node.js, Django, Ruby on Rails), databases (e.g., MySQL, MongoDB), version control (e.g., Git), and familiarity with web development tools and libraries (e.g., React, Angular, Vue.js).

Web Developer: Skills to learn: Proficiency in HTML, CSS, JavaScript, web development frameworks (e.g., React, Angular), responsive design, web performance optimization, and understanding of web development best practices.

React: React is a popular JavaScript library for building user interfaces and single-page applications. It enables the creation of interactive and responsive UI components for web and mobile applications.
question: My skills include React, Node.js, MongoDB, Git, and JavaScript. What role suits me the best?
Answer the question based on the provided context","With skills in React, Node.js, MongoDB, Git, and JavaScript, the role of a Full Stack Developer would be the best fit for you.",profession_for_skills
"context: Programming languages: Programming languages are formal languages used to write instructions that can be executed by computers to perform specific tasks. Examples include Python, Java, and C++.

NLP Engineer/ Natural Language processing engineer
NLP engineers focus on developing and implementing natural language processing (NLP) systems and applications. They work on creating algorithms and models that enable computers to understand, interpret, and generate human language in a valuable way.

NLP Engineer/ Natural Language processing engineer: Skills to learn: Natural language processing (NLP) techniques, text mining, sentiment analysis, language modeling, programming languages (e.g., Python, R), and understanding of linguistic principles.
question: What programming languages are commonly used by NLP engineers?
Answer the question based on the provided context",Commonly used programming languages by NLP engineers include Python and R.,skills_required_for_profession
"context: Data Analyst: Data analysts are tasked with interpreting and analyzing complex data sets to uncover insights that can inform business decisions. They use statistical methods and visualization techniques to present their findings in a clear and understandable manner, helping organizations understand trends, make strategic choices, and optimize performance.

Business Intelligence Analyst: Business intelligence analysts gather and analyze data to provide insights that support strategic business decisions. They use data visualization tools and techniques to identify trends and patterns within the data.

Data Analyst: Skills to learn: Data analysis, SQL, data visualization tools (e.g., Tableau, Power BI), statistical analysis, programming languages (e.g., Python, R), and understanding of data modeling and reporting.
question: What is the function of a data analyst within an organization?
Answer the question based on the provided context","Data analysts are tasked with interpreting and analyzing complex data sets to uncover insights that can inform business decisions. They use statistical methods and visualization techniques to present their findings in a clear and understandable manner, helping organizations understand trends, make strategic choices, and optimize performance.",profession_description
"context: NLP Engineer/ Natural Language processing engineer
NLP engineers focus on developing and implementing natural language processing (NLP) systems and applications. They work on creating algorithms and models that enable computers to understand, interpret, and generate human language in a valuable way.

NLP Engineer/ Natural Language processing engineer: Skills to learn: Natural language processing (NLP) techniques, text mining, sentiment analysis, language modeling, programming languages (e.g., Python, R), and understanding of linguistic principles.

Natural language processing (NLP): Natural language processing (NLP) is a branch of artificial intelligence that focuses on enabling computers to understand, interpret, and generate human language, including text and speech data.
question: What is the role of an NLP engineer?
Answer the question based on the provided context","NLP engineers focus on developing and implementing natural language processing (NLP) systems and applications. They work on creating algorithms and models that enable computers to understand, interpret, and generate human language in a valuable way.",profession_description
"context: Artificial Intelligence Specialist/ AI Specialist/ AI Engineer: Skills to learn: Artificial Intelligence, Machine learning, deep learning, natural language processing (NLP), computer vision, neural networks, programming languages (e.g., Python, R), and understanding of AI ethics and regulations.

Machine Learning Engineer/ ML Engineer: Machine learning engineers develop and deploy machine learning models and systems that enable computers to perform tasks without explicit programming. They work on designing, implementing, and optimizing machine learning algorithms and models, often in collaboration with data scientists and software developers, to create intelligent solutions for various applications.

Artificial Intelligence Specialist: Artificial intelligence specialists focus on developing and implementing AI solutions, including natural language processing, computer vision, and machine learning applications. They work on creating intelligent systems that can learn, adapt, and perform tasks traditionally requiring human intelligence, driving innovation and efficiency across various industries.
question: How does an artificial intelligence specialist differ from a machine learning engineer?
Answer the question based on the provided context","Artificial intelligence specialists focus on developing and implementing AI solutions, including natural language processing, computer vision, and machine learning applications. They work on creating intelligent systems that can learn, adapt, and perform tasks traditionally requiring human intelligence, driving innovation and efficiency across various industries.  Machine learning engineers develop and deploy machine learning models and systems that enable computers to perform tasks without explicit programming. They work on designing, implementing, and optimizing machine learning algorithms and models, often in collaboration with data scientists and software developers, to create intelligent solutions for various applications. ",professions_difference
"context: Business Intelligence Developer/ BI Developer Salary/ Annual Income/ Compensation: CAD 70,000 - CAD 120,000

Business Intelligence Analyst Salary/ Annual Income/ Compensation: CAD 65,000 - CAD 110,000

Artificial Intelligence Specialist Salary/ Annual Income/ Compensation: CAD 85,000 - CAD 145,000
question: How much does a Lead Business Intelligence Developer usually earn?
Answer the question based on the provided context","A Lead Business Intelligence Developer typically earns between CAD 70,000 and CAD 120,000 per year.",professions_salary
"context: DevOps Engineer: Skills to learn: Continuous integration/continuous deployment (CI/CD), containerization (e.g., Docker, Kubernetes), infrastructure as code (IaC), scripting languages (e.g., Bash, Python), and cloud platforms.

MLOps Engineer: Skills to learn: Machine learning model deployment, version control, continuous integration/continuous deployment (CI/CD), containerization, cloud platforms, and understanding of machine learning lifecycle management.

DevOps Engineer
DevOps engineers are responsible for bridging the gap between development and operations teams, advocating for automation and monitoring at all stages of software construction. They oversee code releases, implement continuous integration and deployment, and ensure that the infrastructure needed to support software code is operating efficiently.
question: What skills and knowledge are required to excel as a DevOps Engineer?
Answer the question based on the provided context","To excel as a DevOps Engineer, one needs expertise in Continuous integration/continuous deployment (CI/CD), containerization (e.g., Docker, Kubernetes), infrastructure as code (IaC), scripting languages (e.g., Bash, Python), and cloud platforms.",skills_required_for_profession
"context: IT Security Consultant: IT security consultants advise organizations on how to protect their information and data from cyber threats. They assess security risks, develop security policies, and recommend and implement security solutions.

IT Security Consultant: Skills to learn: Information security frameworks, risk management, threat modeling, security architecture, security assessment tools, and understanding of regulatory compliance.

IT Project Manager: IT project managers plan, execute, and oversee IT projects, ensuring that they are completed within budget and on schedule. They coordinate resources, manage risks, and communicate with stakeholders throughout the project lifecycle.
question: What distinguishes an IT security consultant from an IT project manager?
Answer the question based on the provided context"," IT security consultants advise organizations on how to protect their information and data from cyber threats. They assess security risks, develop security policies, and recommend and implement security solutions.  IT project managers plan, execute, and oversee IT projects, ensuring that they are completed within budget and on schedule. They coordinate resources, manage risks, and communicate with stakeholders throughout the project lifecycle.",professions_difference
"context: IT Project Manager Salary/ Annual Income/ Compensation: CAD 85,000 - CAD 145,000

IT Project Manager: Skills to learn: Project management methodologies (e.g., Agile, Waterfall), stakeholder management, risk assessment and management, budgeting, scheduling, resource allocation, and communication skills.

IT Security Consultant Salary/ Annual Income/ Compensation: CAD 80,000 - CAD 135,000
question: Can you provide insight into the salary range for a Principal IT Project Manager?
Answer the question based on the provided context","The salary range for a Principal IT Project Manager is typically between CAD 85,000 and CAD 145,000 annually.",professions_salary
"context: DevOps Engineer: Skills to learn: Continuous integration/continuous deployment (CI/CD), containerization (e.g., Docker, Kubernetes), infrastructure as code (IaC), scripting languages (e.g., Bash, Python), and cloud platforms.

Data Engineer: Skills to learn: SQL, Python, data warehousing, ETL (Extract, Transform, Load) tools, database design, cloud platforms (e.g., AWS, GCP), big data technologies (e.g., Hadoop, Spark), and data visualization.

Data Architect: Skills to learn: Data modeling, database design, ETL (Extract, Transform, Load) processes, understanding of cloud platforms, big data technologies, and data governance.
question: What skills should I develop to become a DevOps Engineer?
Answer the question based on the provided context","To become a DevOps Engineer, focus on mastering skills such as Continuous integration/continuous deployment (CI/CD), containerization (e.g., Docker, Kubernetes), infrastructure as code (IaC), scripting languages (e.g., Bash, Python), and cloud platforms.",skills_required_for_profession
"context: Machine Learning Engineer/ ML Engineer: Skills to learn: Machine learning algorithms, deep learning, neural networks, programming languages (e.g., Python, R), data preprocessing, model deployment, and understanding of cloud platforms.

Machine Learning Engineer/ ML Engineer: Machine learning engineers develop and deploy machine learning models and systems that enable computers to perform tasks without explicit programming. They work on designing, implementing, and optimizing machine learning algorithms and models, often in collaboration with data scientists and software developers, to create intelligent solutions for various applications.

MLOps Engineer: Skills to learn: Machine learning model deployment, version control, continuous integration/continuous deployment (CI/CD), containerization, cloud platforms, and understanding of machine learning lifecycle management.
question: What practical experience or projects should I undertake to become a skilled ML Engineer?
Answer the question based on the provided context","To become a skilled ML Engineer, consider working on projects that involve Machine learning algorithms, deep learning, neural networks, programming languages (e.g., Python, R), data preprocessing, model deployment, and understanding of cloud platforms.",skills_required_for_profession
"context: Mobile App Developer: Mobile app developers specialize in creating applications for mobile devices such as smartphones and tablets. They are proficient in mobile programming languages and frameworks, such as Swift for iOS and Java/Kotlin for Android. Mobile app developers design, develop, and test applications, ensuring compatibility across different devices and platforms.

Mobile App Developer: Skills to learn: Proficiency in mobile programming languages (e.g., Swift for iOS, Java/Kotlin for Android), mobile app frameworks (e.g., React Native, Flutter), UI/UX design principles for mobile, version control, and familiarity with app deployment processes (e.g., App Store, Google Play).

Software Developer: Software developers are proficient in programming languages and are responsible for designing, creating, and maintaining software applications. They work in collaboration with teams to develop user-friendly and efficient software solutions.
question: What are the core duties of a Mobile App Developer in the software development process?
Answer the question based on the provided context","Mobile app developers specialize in creating applications for mobile devices such as smartphones and tablets. They are proficient in mobile programming languages and frameworks, such as Swift for iOS and Java/Kotlin for Android. Mobile app developers design, develop, and test applications, ensuring compatibility across different devices and platforms.",profession_description
"context: Game Developer: Game developers create interactive and immersive gaming experiences for various platforms, including consoles, PCs, and mobile devices. They are skilled in programming languages like C++, Unity, and Unreal Engine. Game developers design game mechanics, develop game logic, and optimize game performance to deliver engaging and enjoyable gaming experiences for players.


Game Developer: Skills to learn: Proficiency in game development engines (e.g., Unity, Unreal Engine), programming languages (e.g., C++, C#, Python), game physics and mathematics, 3D modeling and animation, AI programming for games, and knowledge of game design principles and mechanics.


Game Developer Salary/ Annual Income/ Compensation: CAD 70,000 - CAD 120,000

question: I'm considering a career as a Game Developer. Can you provide a comprehensive description of the role?
Answer the question based on the provided context","Game developers create interactive and immersive gaming experiences for various platforms, including consoles, PCs, and mobile devices. They are skilled in programming languages like C++, Unity, and Unreal Engine. Game developers design game mechanics, develop game logic, and optimize game performance to deliver engaging and enjoyable gaming experiences for players.",profession_description
"context: Machine Learning Engineer/ ML Engineer: Machine learning engineers develop and deploy machine learning models and systems that enable computers to perform tasks without explicit programming. They work on designing, implementing, and optimizing machine learning algorithms and models, often in collaboration with data scientists and software developers, to create intelligent solutions for various applications.

Business Intelligence Developer/ BI developer: Business intelligence developers create and maintain solutions for transforming raw data into actionable insights. They design and develop data models, dashboards, and reports, enabling stakeholders to access and analyze data for informed decision-making and strategic planning.

Business Intelligence Developer/ BI Developer: Skills to learn: Data modeling, SQL, data visualization tools (e.g., Tableau, Power BI), ETL processes, understanding of business requirements, and domain knowledge in the relevant industry.
question: What distinguishes a business intelligence developer from a machine learning engineer?
Answer the question based on the provided context","Business intelligence developers create and maintain solutions for transforming raw data into actionable insights. They design and develop data models, dashboards, and reports, enabling stakeholders to access and analyze data for informed decision-making and strategic planning.  Machine learning engineers develop and deploy machine learning models and systems that enable computers to perform tasks without explicit programming. They work on designing, implementing, and optimizing machine learning algorithms and models, often in collaboration with data scientists and software developers, to create intelligent solutions for various applications. ",professions_difference
"context: Blockchain Developer: Blockchain developers design and implement decentralized applications (DApps) using blockchain technology. They are skilled in blockchain platforms and languages like Solidity for Ethereum. Blockchain developers work on developing smart contracts, implementing security measures, and ensuring the integrity and reliability of blockchain networks.

Data Engineer: A data engineer designs, builds, and maintains the architecture that allows for the processing and storage of large datasets. They are responsible for developing and managing the infrastructure for data generation, collection, and storage, ensuring data availability and reliability for the organization's analytical and operational needs.

Blockchain Developer: Skills to learn: Understanding of blockchain technology, proficiency in blockchain platforms (e.g., Ethereum, Hyperledger), smart contract development (e.g., Solidity), cryptography, decentralized application (DApp) development, and knowledge of blockchain consensus mechanisms.
question: What distinguishes a blockchain developer from a data engineer?
Answer the question based on the provided context","Blockchain developers design and implement decentralized applications (DApps) using blockchain technology. They are skilled in blockchain platforms and languages like Solidity for Ethereum. Blockchain developers work on developing smart contracts, implementing security measures, and ensuring the integrity and reliability of blockchain networks.  A data engineer designs, builds, and maintains the architecture that allows for the processing and storage of large datasets. They are responsible for developing and managing the infrastructure for data generation, collection, and storage, ensuring data availability and reliability for the organization's analytical and operational needs. ",professions_difference
"context: Business Intelligence Analyst Salary/ Annual Income/ Compensation: CAD 65,000 - CAD 110,000

Business Intelligence Developer/ BI Developer Salary/ Annual Income/ Compensation: CAD 70,000 - CAD 120,000

Data Analyst Salary/ Annual Income/ Compensation: CAD 55,000 - CAD 95,000
question: Can you provide insight into the average salary for a Business Intelligence Analyst in Canada?
Answer the question based on the provided context","The average salary for a Business Intelligence Analyst in Canada typically ranges from CAD 65,000 to CAD 110,000 annually.",professions_salary
"context: Data Architect: CAD 90,000 Salary/ Annual Income/ Compensation- CAD 150,000

Data Engineer Salary/ Annual Income/ Compensation: CAD 70,000 - CAD 120,000

Data Analyst Salary/ Annual Income/ Compensation: CAD 55,000 - CAD 95,000
question: Can you give me an idea of the salary range for a Data Architect?
Answer the question based on the provided context","The salary range for a Data Architect is typically between CAD 90,000 and CAD 150,000 annually.",professions_salary
"context: Computer Network Architect Salary/ Annual Income/ Compensation: CAD 80,000 - CAD 135,000

Network Administrator Salary/ Annual Income/ Compensation: CAD 60,000 - CAD 100,000

Network Security Engineer Salary/ Annual Income/ Compensation: CAD 75,000 - CAD 130,000
question: How much does a Computer Network Architect typically earn in Canada?
Answer the question based on the provided context","A Computer Network Architect typically earns between CAD 80,000 and CAD 135,000 annually in Canada.",professions_salary
"context: Blockchain Developer Salary/ Annual Income/ Compensation: CAD 80,000 - CAD 140,000

Software Developer Salary/ Annual Income/ Compensation: CAD 65,000 - CAD 110,000

Full Stack Developer Salary/ Annual Income/ Compensation: CAD 70,000 - CAD 120,000
question: What's the salary range for a Blockchain Developer?
Answer the question based on the provided context","The salary range for a Blockchain Developer in Canada typically falls between CAD 80,000 and CAD 140,000 annually.",professions_salary
"context: Big Data Engineer: Skills to learn: Proficiency in big data technologies (e.g., Hadoop, Spark, Kafka), data processing frameworks, distributed computing, data pipeline development, cloud platforms (e.g., AWS, Azure, GCP), and understanding of data governance and privacy regulations.

Machine Learning Engineer/ ML Engineer: Skills to learn: Machine learning algorithms, deep learning, neural networks, programming languages (e.g., Python, R), data preprocessing, model deployment, and understanding of cloud platforms.

Data Scientist: Skills to learn: Machine learning, Data Science, statistical analysis, data mining, programming languages (e.g., Python, R), big data technologies, data visualization, and domain knowledge in the relevant industry.
question: I am knowledgeable in cloud computing platforms, Azure, Python, data analysis, and machine learning. What profession suits me?
Answer the question based on the provided context","With your expertise in cloud computing platforms, Azure, Python, data analysis, and machine learning, pursuing a career as a Machine Learning Engineer (ML Engineer) would be a suitable path for you.",profession_for_skills
"context: Game Developer: Game developers create interactive and immersive gaming experiences for various platforms, including consoles, PCs, and mobile devices. They are skilled in programming languages like C++, Unity, and Unreal Engine. Game developers design game mechanics, develop game logic, and optimize game performance to deliver engaging and enjoyable gaming experiences for players.


Software Developer: Software developers are proficient in programming languages and are responsible for designing, creating, and maintaining software applications. They work in collaboration with teams to develop user-friendly and efficient software solutions.

Game Developer: Skills to learn: Proficiency in game development engines (e.g., Unity, Unreal Engine), programming languages (e.g., C++, C#, Python), game physics and mathematics, 3D modeling and animation, AI programming for games, and knowledge of game design principles and mechanics.

question: What are the different roles within game development teams, and how do Game Developers collaborate with them?
Answer the question based on the provided context","Game developers create interactive and immersive gaming experiences for various platforms, including consoles, PCs, and mobile devices. They are skilled in programming languages like C++, Unity, and Unreal Engine. Game developers design game mechanics, develop game logic, and optimize game performance to deliver engaging and enjoyable gaming experiences for players.",profession_description
"context: IT Project Manager: IT project managers plan, execute, and oversee IT projects, ensuring that they are completed within budget and on schedule. They coordinate resources, manage risks, and communicate with stakeholders throughout the project lifecycle.

Systems Analyst: Systems analysts analyze an organization’s computer systems and design solutions to help improve efficiency and effectiveness. They work to understand the organization's needs and tailor information systems to meet those requirements.

IT Project Manager: Skills to learn: Project management methodologies (e.g., Agile, Waterfall), stakeholder management, risk assessment and management, budgeting, scheduling, resource allocation, and communication skills.
question: What sets apart an IT project manager from a systems analyst?
Answer the question based on the provided context","IT project managers plan, execute, and oversee IT projects, ensuring that they are completed within budget and on schedule. They coordinate resources, manage risks, and communicate with stakeholders throughout the project lifecycle.  Systems analysts analyze an organization’s computer systems and design solutions to help improve efficiency and effectiveness. They work to understand the organization's needs and tailor information systems to meet those requirements.",professions_difference
"context: Machine Learning Engineer/ ML Engineer: Skills to learn: Machine learning algorithms, deep learning, neural networks, programming languages (e.g., Python, R), data preprocessing, model deployment, and understanding of cloud platforms.

Machine Learning Engineer/ ML Engineer: Machine learning engineers develop and deploy machine learning models and systems that enable computers to perform tasks without explicit programming. They work on designing, implementing, and optimizing machine learning algorithms and models, often in collaboration with data scientists and software developers, to create intelligent solutions for various applications.

Artificial Intelligence Specialist/ AI Specialist/ AI Engineer: Skills to learn: Machine learning, deep learning, natural language processing (NLP), computer vision, neural networks, programming languages (e.g., Python, R), and understanding of AI ethics and regulations.
question: What specific qualifications should I aim for to become a Machine Learning Engineer?
Answer the question based on the provided context","To become a Machine Learning Engineer, aim for qualifications that cover Machine learning algorithms, deep learning, neural networks, programming languages (e.g., Python, R), data preprocessing, model deployment, and understanding of cloud platforms.",skills_required_for_profession
"context: Systems Analyst: Systems analysts analyze an organization’s computer systems and design solutions to help improve efficiency and effectiveness. They work to understand the organization's needs and tailor information systems to meet those requirements.

IT Project Manager: IT project managers plan, execute, and oversee IT projects, ensuring that they are completed within budget and on schedule. They coordinate resources, manage risks, and communicate with stakeholders throughout the project lifecycle.

IT Project Manager: Skills to learn: Project management methodologies (e.g., Agile, Waterfall), stakeholder management, risk assessment and management, budgeting, scheduling, resource allocation, and communication skills.
question: What distinguishes a systems analyst from an IT project manager?
Answer the question based on the provided context","Systems analysts analyze an organization’s computer systems and design solutions to help improve efficiency and effectiveness. They work to understand the organization's needs and tailor information systems to meet those requirements.  IT project managers plan, execute, and oversee IT projects, ensuring that they are completed within budget and on schedule. They coordinate resources, manage risks, and communicate with stakeholders throughout the project lifecycle.",professions_difference
"context: Full Stack Developer: Full stack developers are proficient in both front-end and back-end web development. They work on creating and maintaining web applications from start to finish, handling both client-side and server-side programming tasks. Full stack developers are skilled in various programming languages and frameworks, allowing them to build interactive and dynamic websites that meet client requirements.

Full Stack Developer: Skills to learn: Proficiency in front-end technologies (e.g., HTML, CSS, JavaScript), back-end frameworks (e.g., Node.js, Django, Ruby on Rails), databases (e.g., MySQL, MongoDB), version control (e.g., Git), and familiarity with web development tools and libraries (e.g., React, Angular, Vue.js).

Full Stack Developer Salary/ Annual Income/ Compensation: CAD 70,000 - CAD 120,000
question: Can you provide an overview of the role of a Full Stack Developer in software development projects?
Answer the question based on the provided context","Full stack developers are proficient in both front-end and back-end web development. They work on creating and maintaining web applications from start to finish, handling both client-side and server-side programming tasks. Full stack developers are skilled in various programming languages and frameworks, allowing them to build interactive and dynamic websites that meet client requirements.",profession_description
"context: Database Administrator/DB Administrator: Skills to learn: Database management systems (e.g., SQL Server, Oracle, MySQL), data security, backup and recovery, database performance tuning, and query optimization.

Database Administrator: Database administrators are responsible for managing, securing, and optimizing an organization’s databases. They oversee data storage, retrieval, and security, and troubleshoot any database-related issues.

Database Administrator/ DB Administrator: Skills to learn: Database management systems (e.g., SQL Server, Oracle, MySQL), data security, backup and recovery, database performance tuning, query optimization, and familiarity with database design principles.
question: How does a database administrator differ from an artificial intelligence specialist?
Answer the question based on the provided context",,professions_difference
"context: DevOps Engineer: Skills to learn: Continuous integration/continuous deployment (CI/CD), containerization (e.g., Docker, Kubernetes), infrastructure as code (IaC), scripting languages (e.g., Bash, Python), and cloud platforms.

Data Engineer: Skills to learn: SQL, Python, data warehousing, ETL (Extract, Transform, Load) tools, database design, cloud platforms (e.g., AWS, GCP), big data technologies (e.g., Hadoop, Spark), and data visualization.

MLOps Engineer: Skills to learn: Machine learning model deployment, version control, continuous integration/continuous deployment (CI/CD), containerization, cloud platforms, and understanding of machine learning lifecycle management.
question: With expertise in AWS, Docker, Kubernetes, CI/CD, and Python, what career path should I consider?
Answer the question based on the provided context","With expertise in AWS, Docker, Kubernetes, CI/CD, and Python, you should consider a career path as a DevOps Engineer.",profession_for_skills
"context: Computer Vision Engineer/ CV Engineer/ Vision Engineer: Skills to learn: Computer vision algorithms, image processing, deep learning frameworks (e.g., TensorFlow, PyTorch), programming languages (e.g., Python, C++), and understanding of image recognition technologies.

Deep Learning Engineer: Skills to learn: Deep learning frameworks (e.g., TensorFlow, PyTorch), neural networks, computer vision, natural language processing (NLP), programming languages (e.g., Python, R), and understanding of model optimization.

Artificial Intelligence Specialist/ AI Specialist/ AI Engineer: Skills to learn: Artificial Intelligence, Machine learning, deep learning, natural language processing (NLP), computer vision, neural networks, programming languages (e.g., Python, R), and understanding of AI ethics and regulations.
question: I am proficient in computer vision algorithms, deep learning frameworks, TensorFlow, and PyTorch. What role suits me the best?
Answer the question based on the provided context","With proficiency in computer vision algorithms, deep learning frameworks like TensorFlow and PyTorch, you would be well-suited for a role as a Computer Vision Engineer (CV Engineer).",profession_for_skills
"context: NLP Engineer/ Natural Language processing engineer
NLP engineers focus on developing and implementing natural language processing (NLP) systems and applications. They work on creating algorithms and models that enable computers to understand, interpret, and generate human language in a valuable way.

NLP Engineer/ Natural Language processing engineer: Skills to learn: Natural language processing (NLP) techniques, text mining, sentiment analysis, language modeling, programming languages (e.g., Python, R), and understanding of linguistic principles.

Natural language processing (NLP): Natural language processing (NLP) is a branch of artificial intelligence that focuses on enabling computers to understand, interpret, and generate human language, including text and speech data.
question: What is expected from an NLP engineer in their role?
Answer the question based on the provided context","NLP engineers focus on developing and implementing natural language processing (NLP) systems and applications. They work on creating algorithms and models that enable computers to understand, interpret, and generate human language in a valuable way.",profession_description
"context: Data Analyst: Skills to learn: Data analysis, SQL, data visualization tools (e.g., Tableau, Power BI), statistical analysis, programming languages (e.g., Python, R), and understanding of data modeling and reporting.

Data Scientist: Skills to learn: Machine learning, Data Science, statistical analysis, data mining, programming languages (e.g., Python, R), big data technologies, data visualization, and domain knowledge in the relevant industry.

Database Administrator/DB Administrator: Skills to learn: Database management systems (e.g., SQL Server, Oracle, MySQL), data security, backup and recovery, database performance tuning, and query optimization.
question: I am proficient in data analysis, SQL, Power BI, and machine learning. What role suits me the best?
Answer the question based on the provided context","Based on your proficiency in data analysis, SQL, Power BI, and machine learning, the role that suits you best is that of a Data Scientist.",profession_for_skills
"context: Artificial Intelligence Specialist/ AI Specialist/ AI Engineer: Skills to learn: Artificial Intelligence, Machine learning, deep learning, natural language processing (NLP), computer vision, neural networks, programming languages (e.g., Python, R), and understanding of AI ethics and regulations.

Data Scientist: Skills to learn: Machine learning, Data Science, statistical analysis, data mining, programming languages (e.g., Python, R), big data technologies, data visualization, and domain knowledge in the relevant industry.

Machine Learning Engineer/ ML Engineer: Skills to learn: Machine learning algorithms, deep learning, neural networks, programming languages (e.g., Python, R), data preprocessing, model deployment, and understanding of cloud platforms.
question: I have experience in machine learning, TensorFlow, PyTorch, data analysis, and SQL. What profession aligns with my expertise?
Answer the question based on the provided context","Based on your expertise in machine learning, TensorFlow, PyTorch, data analysis, and SQL, a profession as a Machine Learning Engineer or ML Engineer would align well with your skills.",profession_for_skills
"context: Deep Learning Engineer
Deep learning engineers specialize in developing and implementing deep learning systems, which are a subset of machine learning algorithms that are particularly effective for complex data analysis. They work on creating neural networks that are capable of learning from large amounts of data and making predictions or decisions based on that data.

Deep Learning Engineer: Skills to learn: Deep learning frameworks (e.g., TensorFlow, PyTorch), neural networks, computer vision, natural language processing (NLP), programming languages (e.g., Python, R), and understanding of model optimization.

Machine Learning Engineer/ ML Engineer: Machine learning engineers develop and deploy machine learning models and systems that enable computers to perform tasks without explicit programming. They work on designing, implementing, and optimizing machine learning algorithms and models, often in collaboration with data scientists and software developers, to create intelligent solutions for various applications.
question: In what ways does a deep learning engineer support the advancement of deep learning technologies?
Answer the question based on the provided context","Deep learning engineers specialize in developing and implementing deep learning systems, which are a subset of machine learning algorithms that are particularly effective for complex data analysis. They work on creating neural networks that are capable of learning from large amounts of data and making predictions or decisions based on that data.",profession_description
"context: Business Intelligence Analyst/ BI Analyst: Skills to learn: Data analysis and visualization tools, SQL and database querying, data modeling, business acumen, and the ability to translate data into actionable insights.

Data Analyst: Skills to learn: Data analysis, SQL, data visualization tools (e.g., Tableau, Power BI), statistical analysis, programming languages (e.g., Python, R), and understanding of data modeling and reporting.

Data Scientist: Skills to learn: Machine learning, Data Science, statistical analysis, data mining, programming languages (e.g., Python, R), big data technologies, data visualization, and domain knowledge in the relevant industry.
question: I am knowledgeable in data analysis, data visualization tools, Power BI, and SQL. What profession aligns with my expertise?
Answer the question based on the provided context","With expertise in data analysis, data visualization tools, Power BI, and SQL, the profession of a Business Intelligence Analyst (BI Analyst) would align well with your skills.",profession_for_skills
"context: Artificial Intelligence Specialist/ AI Specialist/ AI Engineer: Skills to learn: Artificial Intelligence, Machine learning, deep learning, natural language processing (NLP), computer vision, neural networks, programming languages (e.g., Python, R), and understanding of AI ethics and regulations.

Data Scientist: Skills to learn: Machine learning, Data Science, statistical analysis, data mining, programming languages (e.g., Python, R), big data technologies, data visualization, and domain knowledge in the relevant industry.

Machine Learning Engineer/ ML Engineer: Skills to learn: Machine learning algorithms, deep learning, neural networks, programming languages (e.g., Python, R), data preprocessing, model deployment, and understanding of cloud platforms.
question: I have experience in machine learning, TensorFlow, PyTorch, data analysis, and SQL. What profession aligns with my expertise?
Answer the question based on the provided context","Based on your experience in machine learning, TensorFlow, PyTorch, data analysis, and SQL, the profession that aligns best with your expertise would be a Machine Learning Engineer/ML Engineer.",profession_for_skills
"context: Data Engineer: A data engineer designs, builds, and maintains the architecture that allows for the processing and storage of large datasets. They are responsible for developing and managing the infrastructure for data generation, collection, and storage, ensuring data availability and reliability for the organization's analytical and operational needs.

Data Architect: Data architects design and create the blueprint for managing and integrating an organization's data assets. They develop the structure and architecture for databases, data warehouses, and data lakes, ensuring that data is organized, accessible, and aligned with business requirements and industry best practices.

Data Architect: Skills to learn: Data modeling, database design, ETL (Extract, Transform, Load) processes, understanding of cloud platforms, big data technologies, and data governance.
question: What is the difference between a data engineer and a data architect?
Answer the question based on the provided context","A data engineer designs, builds, and maintains the architecture that allows for the processing and storage of large datasets. They are responsible for developing and managing the infrastructure for data generation, collection, and storage, ensuring data availability and reliability for the organization's analytical and operational needs.  Data architects design and create the blueprint for managing and integrating an organization's data assets. They develop the structure and architecture for databases, data warehouses, and data lakes, ensuring that data is organized, accessible, and aligned with business requirements and industry best practices.",professions_difference
"context: Systems Analyst Salary/ Annual Income/ Compensation: CAD 70,000 - CAD 120,000

Business Intelligence Analyst Salary/ Annual Income/ Compensation: CAD 65,000 - CAD 110,000

Data Analyst Salary/ Annual Income/ Compensation: CAD 55,000 - CAD 95,000
question: How much does a Senior Systems Analyst typically earn?
Answer the question based on the provided context","A Senior Systems Analyst typically earns between CAD 70,000 to CAD 120,000 per year.",professions_salary
"context: Data Analyst Salary/ Annual Income/ Compensation: CAD 55,000 - CAD 95,000

Data Scientist Salary/ Annual Income/ Compensation: CAD 80,000 - CAD 140,000

Data and Analytics Manager Salary/ Annual Income/ Compensation: CAD 100,000 - CAD 160,000
question: Can you provide insight into the average salary for a Data Analyst?
Answer the question based on the provided context","The average salary for a Data Analyst is approximately CAD 55,000 to CAD 95,000 annually.",professions_salary
"context: DevOps Engineer: Skills to learn: Continuous integration/continuous deployment (CI/CD), containerization (e.g., Docker, Kubernetes), infrastructure as code (IaC), scripting languages (e.g., Bash, Python), and cloud platforms.

Data Engineer: Skills to learn: SQL, Python, data warehousing, ETL (Extract, Transform, Load) tools, database design, cloud platforms (e.g., AWS, GCP), big data technologies (e.g., Hadoop, Spark), and data visualization.

MLOps Engineer: Skills to learn: Machine learning model deployment, version control, continuous integration/continuous deployment (CI/CD), containerization, cloud platforms, and understanding of machine learning lifecycle management.
question: My skills include AWS, Python, Docker, Kubernetes, and CI/CD. What career path should I consider?
Answer the question based on the provided context","With your skills in AWS, Python, Docker, Kubernetes, and CI/CD, a career path as a DevOps Engineer would be most suitable for you.",profession_for_skills
"context: Deep Learning Engineer: Skills to learn: Deep learning frameworks (e.g., TensorFlow, PyTorch), neural networks, computer vision, natural language processing (NLP), programming languages (e.g., Python, R), and understanding of model optimization.

Computer Vision Engineer/ CV Engineer/ Vision Engineer: Skills to learn: Computer vision algorithms, image processing, deep learning frameworks (e.g., TensorFlow, PyTorch), programming languages (e.g., Python, C++), and understanding of image recognition technologies.

Artificial Intelligence Specialist/ AI Specialist/ AI Engineer: Skills to learn: Artificial Intelligence, Machine learning, deep learning, natural language processing (NLP), computer vision, neural networks, programming languages (e.g., Python, R), and understanding of AI ethics and regulations.
question: With proficiency in deep learning frameworks, TensorFlow, PyTorch, Python, and machine learning, what career should I pursue?
Answer the question based on the provided context","Based on your proficiency in deep learning frameworks like TensorFlow and PyTorch, Python, and machine learning, pursuing a career as a Deep Learning Engineer would be suitable for you.",profession_for_skills
"context: Database Administrator/DB Administrator: Skills to learn: Database management systems (e.g., SQL Server, Oracle, MySQL), data security, backup and recovery, database performance tuning, and query optimization.

Database Administrator/ DB Administrator: Skills to learn: Database management systems (e.g., SQL Server, Oracle, MySQL), data security, backup and recovery, database performance tuning, query optimization, and familiarity with database design principles.

Full Stack Developer: Skills to learn: Proficiency in front-end technologies (e.g., HTML, CSS, JavaScript), back-end frameworks (e.g., Node.js, Django, Ruby on Rails), databases (e.g., MySQL, MongoDB), version control (e.g., Git), and familiarity with web development tools and libraries (e.g., React, Angular, Vue.js).
question: I have experience in Java, Spring Boot, Hibernate, and MySQL. What profession aligns with my expertise?
Answer the question based on the provided context","With experience in Java, Spring Boot, Hibernate, and MySQL, a profession aligned with your expertise would be a Full Stack Developer.",profession_for_skills
"context: Artificial Intelligence Specialist/ AI Specialist/ AI Engineer: Skills to learn: Artificial Intelligence, Machine learning, deep learning, natural language processing (NLP), computer vision, neural networks, programming languages (e.g., Python, R), and understanding of AI ethics and regulations.

Data Scientist: Skills to learn: Machine learning, Data Science, statistical analysis, data mining, programming languages (e.g., Python, R), big data technologies, data visualization, and domain knowledge in the relevant industry.

Machine Learning Engineer/ ML Engineer: Skills to learn: Machine learning algorithms, deep learning, neural networks, programming languages (e.g., Python, R), data preprocessing, model deployment, and understanding of cloud platforms.
question: I have experience in machine learning, TensorFlow, PyTorch, data analysis, and SQL. What profession aligns with my expertise?
Answer the question based on the provided context","With your experience in machine learning, TensorFlow, PyTorch, data analysis, and SQL, a profession as a Machine Learning Engineer/ML Engineer would align well with your expertise.",profession_for_skills
"context: Data Engineer: Skills to learn: SQL, Python, data warehousing, ETL (Extract, Transform, Load) tools, database design, cloud platforms (e.g., AWS, GCP), big data technologies (e.g., Hadoop, Spark), and data visualization.

Data Analyst: Skills to learn: Data analysis, SQL, data visualization tools (e.g., Tableau, Power BI), statistical analysis, programming languages (e.g., Python, R), and understanding of data modeling and reporting.

Data Scientist: Skills to learn: Machine learning, Data Science, statistical analysis, data mining, programming languages (e.g., Python, R), big data technologies, data visualization, and domain knowledge in the relevant industry.
question: My skills include data modeling, SQL, ETL, and data analysis visualization tools. What career path should I consider?
Answer the question based on the provided context","Based on your skills in data modeling, SQL, ETL, and data analysis visualization tools, the career path you should consider is that of a Data Engineer.",profession_for_skills
"context: Big Data Engineer: Big data engineers design and maintain the infrastructure for storing, processing, and analyzing large volumes of data. They are proficient in big data technologies like Hadoop, Spark, and NoSQL databases. Big data engineers develop data pipelines, optimize data workflows, and ensure data quality and reliability for data-driven decision-making.

Network Security Engineer: Network security engineers are responsible for securing an organization's computer networks from cyber threats and attacks. They design and implement security measures, such as firewalls and intrusion detection systems, to protect network infrastructure and data. Network security engineers monitor network traffic, investigate security breaches, and develop strategies to mitigate risks and vulnerabilities.

Big Data Engineer: Skills to learn: Proficiency in big data technologies (e.g., Hadoop, Spark, Kafka), data processing frameworks, distributed computing, data pipeline development, cloud platforms (e.g., AWS, Azure, GCP), and understanding of data governance and privacy regulations.
question: How does a big data engineer differ from a network security engineer?
Answer the question based on the provided context","Big data engineers design and maintain the infrastructure for storing, processing, and analyzing large volumes of data. They are proficient in big data technologies like Hadoop, Spark, and NoSQL databases. Big data engineers develop data pipelines, optimize data workflows, and ensure data quality and reliability for data-driven decision-making.  Network security engineers are responsible for securing an organization's computer networks from cyber threats and attacks. They design and implement security measures, such as firewalls and intrusion detection systems, to protect network infrastructure and data. Network security engineers monitor network traffic, investigate security breaches, and develop strategies to mitigate risks and vulnerabilities. ",professions_difference
"context: Full Stack Developer Salary/ Annual Income/ Compensation: CAD 70,000 - CAD 120,000

Software Developer Salary/ Annual Income/ Compensation: CAD 65,000 - CAD 110,000

Web Developer Salary/ Annual Income/ Compensation: CAD 60,000 - CAD 105,000
question: Can you provide insight into the salary range for a Principal Full Stack Developer?
Answer the question based on the provided context","The salary range for a Principal Full Stack Developer is typically between CAD 70,000 and CAD 120,000 per year.",professions_salary
"context: Data Scientist: Data scientists utilize advanced analytical and programming skills to explore, interpret, and extract valuable insights from large, complex datasets. They apply statistical models, machine learning algorithms, and predictive analytics to solve business problems, identify opportunities, and support data-driven decision-making.

Data and Analytics Manager: Data and analytics managers oversee the strategic planning and execution of data initiatives within an organization. They lead teams responsible for data governance, analytics, and business intelligence, ensuring that data resources are utilized effectively to support decision-making and drive business growth.

Data Analyst: Data analysts are tasked with interpreting and analyzing complex data sets to uncover insights that can inform business decisions. They use statistical methods and visualization techniques to present their findings in a clear and understandable manner, helping organizations understand trends, make strategic choices, and optimize performance.
question: What is the function of a data scientist within an organization?
Answer the question based on the provided context","Data scientists utilize advanced analytical and programming skills to explore, interpret, and extract valuable insights from large, complex datasets. They apply statistical models, machine learning algorithms, and predictive analytics to solve business problems, identify opportunities, and support data-driven decision-making.",profession_description
"context: UX/UI Designer: UX/UI designers focus on creating intuitive and visually appealing user interfaces for digital products such as websites and mobile applications. They conduct user research, develop wireframes and prototypes, and design interface elements to enhance user experience. UX/UI designers collaborate closely with developers and stakeholders to ensure that the final product meets usability and design standards.

UX/UI Designer: Skills to learn: User research, wireframing, prototyping tools (e.g., Sketch, Adobe XD), usability testing, visual design principles, knowledge of responsive design, and understanding of interaction design patterns.

UX/UI Designer Salary/ Annual Income/ Compensation: CAD 65,000 - CAD 110,000
question: Can you explain the key responsibilities of a UX/UI Designer within an organization?
Answer the question based on the provided context","UX/UI designers focus on creating intuitive and visually appealing user interfaces for digital products such as websites and mobile applications. They conduct user research, develop wireframes and prototypes, and design interface elements to enhance user experience. UX/UI designers collaborate closely with developers and stakeholders to ensure that the final product meets usability and design standards.",profession_description
"context: Big Data Engineer: Big data engineers design and maintain the infrastructure for storing, processing, and analyzing large volumes of data. They are proficient in big data technologies like Hadoop, Spark, and NoSQL databases. Big data engineers develop data pipelines, optimize data workflows, and ensure data quality and reliability for data-driven decision-making.

Database Administrator: Database administrators are responsible for managing, securing, and optimizing an organization’s databases. They oversee data storage, retrieval, and security, and troubleshoot any database-related issues.

Big Data Engineer: Skills to learn: Proficiency in big data technologies (e.g., Hadoop, Spark, Kafka), data processing frameworks, distributed computing, data pipeline development, cloud platforms (e.g., AWS, Azure, GCP), and understanding of data governance and privacy regulations.
question: What distinguishes a big data engineer from a database administrator?
Answer the question based on the provided context","Big data engineers design and maintain the infrastructure for storing, processing, and analyzing large volumes of data. They are proficient in big data technologies like Hadoop, Spark, and NoSQL databases. Big data engineers develop data pipelines, optimize data workflows, and ensure data quality and reliability for data-driven decision-making. Database administrators are responsible for managing, securing, and optimizing an organization’s databases. They oversee data storage, retrieval, and security, and troubleshoot any database-related issues.",professions_difference
"context: Data Engineer: Skills to learn: SQL, Python, data warehousing, ETL (Extract, Transform, Load) tools, database design, cloud platforms (e.g., AWS, GCP), big data technologies (e.g., Hadoop, Spark), and data visualization.

Data Scientist: Skills to learn: Machine learning, Data Science, statistical analysis, data mining, programming languages (e.g., Python, R), big data technologies, data visualization, and domain knowledge in the relevant industry.

Data Analyst: Skills to learn: Data analysis, SQL, data visualization tools (e.g., Tableau, Power BI), statistical analysis, programming languages (e.g., Python, R), and understanding of data modeling and reporting.
question: I am knowledgeable in data modeling, ETL, SQL, Spark, and data analysis visualization tools. What profession suits me?
Answer the question based on the provided context","With expertise in data modeling, ETL, SQL, Spark, and data analysis visualization tools, the profession that suits you best would likely be a Data Engineer.",profession_for_skills
"context: Computer Vision Engineer/ CV Engineer/ Vision Engineer: Skills to learn: Computer vision algorithms, image processing, deep learning frameworks (e.g., TensorFlow, PyTorch), programming languages (e.g., Python, C++), and understanding of image recognition technologies.

Artificial Intelligence Specialist/ AI Specialist/ AI Engineer: Skills to learn: Artificial Intelligence, Machine learning, deep learning, natural language processing (NLP), computer vision, neural networks, programming languages (e.g., Python, R), and understanding of AI ethics and regulations.

Deep Learning Engineer: Skills to learn: Deep learning frameworks (e.g., TensorFlow, PyTorch), neural networks, computer vision, natural language processing (NLP), programming languages (e.g., Python, R), and understanding of model optimization.
question: I am knowledgeable in computer vision algorithms, deep learning frameworks, TensorFlow, PyTorch, and Python. What profession suits me?
Answer the question based on the provided context","Based on your expertise in computer vision algorithms, deep learning frameworks like TensorFlow and PyTorch, as well as Python programming, the profession that suits you best is likely a Deep Learning Engineer.",profession_for_skills
"context: DevOps Engineer: Skills to learn: Continuous integration/continuous deployment (CI/CD), containerization (e.g., Docker, Kubernetes), infrastructure as code (IaC), scripting languages (e.g., Bash, Python), and cloud platforms.

Data Engineer: Skills to learn: SQL, Python, data warehousing, ETL (Extract, Transform, Load) tools, database design, cloud platforms (e.g., AWS, GCP), big data technologies (e.g., Hadoop, Spark), and data visualization.

MLOps Engineer: Skills to learn: Machine learning model deployment, version control, continuous integration/continuous deployment (CI/CD), containerization, cloud platforms, and understanding of machine learning lifecycle management.
question: My strengths lie in AWS, Python, Docker, Kubernetes, and CI/CD. What career path would be most suitable for me?
Answer the question based on the provided context","Based on your strengths in AWS, Python, Docker, Kubernetes, and CI/CD, the career path that would be most suitable for you is likely a DevOps Engineer.",profession_for_skills
"context: MLOps Engineer
MLOps engineers focus on the deployment, monitoring, and management of machine learning models in production. They work to streamline the process of taking machine learning models from development to deployment, ensuring that models are scalable, reliable, and maintainable in real-world applications.

MLOps Engineer: Skills to learn: Machine learning model deployment, version control, continuous integration/continuous deployment (CI/CD), containerization, cloud platforms, and understanding of machine learning lifecycle management.

Machine Learning Engineer/ ML Engineer: Machine learning engineers develop and deploy machine learning models and systems that enable computers to perform tasks without explicit programming. They work on designing, implementing, and optimizing machine learning algorithms and models, often in collaboration with data scientists and software developers, to create intelligent solutions for various applications.
question: How does an MLOps engineer contribute to managing and optimizing machine learning workflows?
Answer the question based on the provided context","MLOps engineers focus on the deployment, monitoring, and management of machine learning models in production. They work to streamline the process of taking machine learning models from development to deployment, ensuring that models are scalable, reliable, and maintainable in real-world applications.",profession_description
"context: Data Scientist: Skills to learn: Machine learning, statistical analysis, data mining, programming languages (e.g., Python, R), big data technologies, data visualization, and domain knowledge in the relevant industry.

Data Analyst: Skills to learn: Data analysis, SQL, data visualization tools (e.g., Tableau, Power BI), statistical analysis, programming languages (e.g., Python, R), and understanding of data modeling and reporting.

Data Engineer: Skills to learn: SQL, Python, data warehousing, ETL (Extract, Transform, Load) tools, database design, cloud platforms (e.g., AWS, GCP), big data technologies (e.g., Hadoop, Spark), and data visualization.
question: Which subjects should I study to become proficient in Data Science?
Answer the question based on the provided context","To become proficient in Data Science, focus on studying Machine learning, statistical analysis, data mining, programming languages (e.g., Python, R), big data technologies, data visualization, and domain knowledge in the relevant industry.",skills_required_for_profession
"context: Data Scientist: Skills to learn: Machine learning, Data Science, statistical analysis, data mining, programming languages (e.g., Python, R), big data technologies, data visualization, and domain knowledge in the relevant industry.

Data Analyst: Skills to learn: Data analysis, SQL, data visualization tools (e.g., Tableau, Power BI), statistical analysis, programming languages (e.g., Python, R), and understanding of data modeling and reporting.

Data Engineer: Skills to learn: SQL, Python, data warehousing, ETL (Extract, Transform, Load) tools, database design, cloud platforms (e.g., AWS, GCP), big data technologies (e.g., Hadoop, Spark), and data visualization.
question: With expertise in data analysis, SQL, Power BI, machine learning, and Python, what profession should I consider?
Answer the question based on the provided context","With expertise in data analysis, SQL, Power BI, machine learning, and Python, pursuing a career as a Data Scientist would be an excellent fit for your skills and interests.",profession_for_skills
"context: Software Developer Salary/ Annual Income/ Compensation: CAD 65,000 - CAD 110,000

Web Developer Salary/ Annual Income/ Compensation: CAD 60,000 - CAD 105,000

Game Developer Salary/ Annual Income/ Compensation: CAD 70,000 - CAD 120,000

question: What's the salary range for a Senior Software Developer?
Answer the question based on the provided context","The salary range for a Senior Software Developer typically falls between CAD 65,000 and CAD 110,000 annually.",professions_salary
"context: Deep Learning Engineer
Deep learning engineers specialize in developing and implementing deep learning systems, which are a subset of machine learning algorithms that are particularly effective for complex data analysis. They work on creating neural networks that are capable of learning from large amounts of data and making predictions or decisions based on that data.

Deep Learning Engineer: Skills to learn: Deep learning frameworks (e.g., TensorFlow, PyTorch), neural networks, computer vision, natural language processing (NLP), programming languages (e.g., Python, R), and understanding of model optimization.

Machine Learning Engineer/ ML Engineer: Machine learning engineers develop and deploy machine learning models and systems that enable computers to perform tasks without explicit programming. They work on designing, implementing, and optimizing machine learning algorithms and models, often in collaboration with data scientists and software developers, to create intelligent solutions for various applications.
question: What is the role of a deep learning engineer?
Answer the question based on the provided context","Deep learning engineers specialize in developing and implementing deep learning systems, which are a subset of machine learning algorithms that are particularly effective for complex data analysis. They work on creating neural networks that are capable of learning from large amounts of data and making predictions or decisions based on that data.",profession_description
"context: IT Project Manager: IT project managers plan, execute, and oversee IT projects, ensuring that they are completed within budget and on schedule. They coordinate resources, manage risks, and communicate with stakeholders throughout the project lifecycle.

IT Project Manager: Skills to learn: Project management methodologies (e.g., Agile, Waterfall), stakeholder management, risk assessment and management, budgeting, scheduling, resource allocation, and communication skills.

Web Developer: Web developers design, build, and maintain websites. They work with clients and stakeholders to create visually appealing and functional web solutions using various programming languages and web development tools.
question: How does an IT project manager differ from a web developer?
Answer the question based on the provided context","IT project managers plan, execute, and oversee IT projects, ensuring that they are completed within budget and on schedule. They coordinate resources, manage risks, and communicate with stakeholders throughout the project lifecycle.  Web developers design, build, and maintain websites. They work with clients and stakeholders to create visually appealing and functional web solutions using various programming languages and web development tools.",professions_difference
"context: Big Data Engineer: Big data engineers design and maintain the infrastructure for storing, processing, and analyzing large volumes of data. They are proficient in big data technologies like Hadoop, Spark, and NoSQL databases. Big data engineers develop data pipelines, optimize data workflows, and ensure data quality and reliability for data-driven decision-making.

Database Administrator: Database administrators are responsible for managing, securing, and optimizing an organization’s databases. They oversee data storage, retrieval, and security, and troubleshoot any database-related issues.

Big Data Engineer: Skills to learn: Proficiency in big data technologies (e.g., Hadoop, Spark, Kafka), data processing frameworks, distributed computing, data pipeline development, cloud platforms (e.g., AWS, Azure, GCP), and understanding of data governance and privacy regulations.
question: What are the primary differences between a big data engineer and a database administrator?
Answer the question based on the provided context","Big data engineers design and maintain the infrastructure for storing, processing, and analyzing large volumes of data. They are proficient in big data technologies like Hadoop, Spark, and NoSQL databases. Big data engineers develop data pipelines, optimize data workflows, and ensure data quality and reliability for data-driven decision-making.  Database administrators are responsible for managing, securing, and optimizing an organization’s databases. They oversee data storage, retrieval, and security, and troubleshoot any database-related issues.",professions_difference
"context: Data Scientist: Skills to learn: Machine learning, Data Science, statistical analysis, data mining, programming languages (e.g., Python, R), big data technologies, data visualization, and domain knowledge in the relevant industry.

Data Engineer: Skills to learn: SQL, Python, data warehousing, ETL (Extract, Transform, Load) tools, database design, cloud platforms (e.g., AWS, GCP), big data technologies (e.g., Hadoop, Spark), and data visualization.

Database Administrator/DB Administrator: Skills to learn: Database management systems (e.g., SQL Server, Oracle, MySQL), data security, backup and recovery, database performance tuning, and query optimization.
question: I am proficient in Python, Java, and SQL. What profession would be the best fit for me?
Answer the question based on the provided context","Based on your proficiency in Python, Java, and SQL, a profession that would be a good fit for you is Data Engineer.",profession_for_skills
"context: Big Data Engineer: Big data engineers design and maintain the infrastructure for storing, processing, and analyzing large volumes of data. They are proficient in big data technologies like Hadoop, Spark, and NoSQL databases. Big data engineers develop data pipelines, optimize data workflows, and ensure data quality and reliability for data-driven decision-making.

Big Data Engineer: Skills to learn: Proficiency in big data technologies (e.g., Hadoop, Spark, Kafka), data processing frameworks, distributed computing, data pipeline development, cloud platforms (e.g., AWS, Azure, GCP), and understanding of data governance and privacy regulations.

Data Engineer: A data engineer designs, builds, and maintains the architecture that allows for the processing and storage of large datasets. They are responsible for developing and managing the infrastructure for data generation, collection, and storage, ensuring data availability and reliability for the organization's analytical and operational needs.
question: What role does a Big Data Engineer play in data analysis and management?
Answer the question based on the provided context","Big data engineers design and maintain the infrastructure for storing, processing, and analyzing large volumes of data. They are proficient in big data technologies like Hadoop, Spark, and NoSQL databases. Big data engineers develop data pipelines, optimize data workflows, and ensure data quality and reliability for data-driven decision-making.",profession_description
"context: Full Stack Developer: Skills to learn: Proficiency in front-end technologies (e.g., HTML, CSS, JavaScript), back-end frameworks (e.g., Node.js, Django, Ruby on Rails), databases (e.g., MySQL, MongoDB), version control (e.g., Git), and familiarity with web development tools and libraries (e.g., React, Angular, Vue.js).

Blockchain Developer: Skills to learn: Understanding of blockchain technology, proficiency in blockchain platforms (e.g., Ethereum, Hyperledger), smart contract development (e.g., Solidity), cryptography, decentralized application (DApp) development, and knowledge of blockchain consensus mechanisms.

DevOps Engineer: Skills to learn: Continuous integration/continuous deployment (CI/CD), containerization (e.g., Docker, Kubernetes), infrastructure as code (IaC), scripting languages (e.g., Bash, Python), and cloud platforms.
question: I am knowledgeable in React, Node.js, MongoDB, and Git. What profession suits me?
Answer the question based on the provided context","With knowledge in React, Node.js, MongoDB, and Git, a profession that suits you is Full Stack Developer.",profession_for_skills
"context: Data Engineer: A data engineer designs, builds, and maintains the architecture that allows for the processing and storage of large datasets. They are responsible for developing and managing the infrastructure for data generation, collection, and storage, ensuring data availability and reliability for the organization's analytical and operational needs.

Data Engineer: Skills to learn: SQL, Python, data warehousing, ETL (Extract, Transform, Load) tools, database design, cloud platforms (e.g., AWS, GCP), big data technologies (e.g., Hadoop, Spark), and data visualization.

Data Architect: Skills to learn: Data modeling, database design, ETL (Extract, Transform, Load) processes, understanding of cloud platforms, big data technologies, and data governance.
question: What is expected from a data engineer in their role?
Answer the question based on the provided context","A data engineer designs, builds, and maintains the architecture that allows for the processing and storage of large datasets. They are responsible for developing and managing the infrastructure for data generation, collection, and storage, ensuring data availability and reliability for the organization's analytical and operational needs.",profession_description
"context: MLOps Engineer: Skills to learn: Machine learning model deployment, version control, continuous integration/continuous deployment (CI/CD), containerization, cloud platforms, and understanding of machine learning lifecycle management.

Deep Learning Engineer
Deep learning engineers specialize in developing and implementing deep learning systems, which are a subset of machine learning algorithms that are particularly effective for complex data analysis. They work on creating neural networks that are capable of learning from large amounts of data and making predictions or decisions based on that data.

MLOps Engineer
MLOps engineers focus on the deployment, monitoring, and management of machine learning models in production. They work to streamline the process of taking machine learning models from development to deployment, ensuring that models are scalable, reliable, and maintainable in real-world applications.
question: What sets apart a deep learning engineer from an MLOps engineer?
Answer the question based on the provided context","Deep learning engineers specialize in developing and implementing deep learning systems, which are a subset of machine learning algorithms that are particularly effective for complex data analysis. They work on creating neural networks that are capable of learning from large amounts of data and making predictions or decisions based on that data.  MLOps engineers focus on the deployment, monitoring, and management of machine learning models in production. They work to streamline the process of taking machine learning models from development to deployment, ensuring that models are scalable, reliable, and maintainable in real-world applications. ",professions_difference
"context: Machine Learning Engineer/ ML Engineer: Skills to learn: Machine learning algorithms, deep learning, neural networks, programming languages (e.g., Python, R), data preprocessing, model deployment, and understanding of cloud platforms.

Machine Learning Engineer/ ML Engineer: Machine learning engineers develop and deploy machine learning models and systems that enable computers to perform tasks without explicit programming. They work on designing, implementing, and optimizing machine learning algorithms and models, often in collaboration with data scientists and software developers, to create intelligent solutions for various applications.

MLOps Engineer: Skills to learn: Machine learning model deployment, version control, continuous integration/continuous deployment (CI/CD), containerization, cloud platforms, and understanding of machine learning lifecycle management.
question: What skills and knowledge are required to pursue a career in ML Engineering?
Answer the question based on the provided context","To pursue a career in ML Engineering, you need proficiency in Machine learning algorithms, deep learning, neural networks, programming languages (e.g., Python, R), data preprocessing, model deployment, and understanding of cloud platforms.",skills_required_for_profession
"context: NLP Engineer/ Natural Language processing engineer
NLP engineers focus on developing and implementing natural language processing (NLP) systems and applications. They work on creating algorithms and models that enable computers to understand, interpret, and generate human language in a valuable way.

NLP Engineer/ Natural Language processing engineer: Skills to learn: Natural language processing (NLP) techniques, text mining, sentiment analysis, language modeling, programming languages (e.g., Python, R), and understanding of linguistic principles.

Natural language processing (NLP) techniques: Natural language processing (NLP) techniques involve the use of computational methods to analyze, understand, and generate human language. These techniques include tasks such as text classification, sentiment analysis, named entity recognition, and language modeling.
question: What is the role of an NLP engineer in designing and training NLP models?
Answer the question based on the provided context","NLP engineers focus on developing and implementing natural language processing (NLP) systems and applications. They work on creating algorithms and models that enable computers to understand, interpret, and generate human language in a valuable way.",profession_description
"context: Full Stack Developer: Skills to learn: Proficiency in front-end technologies (e.g., HTML, CSS, JavaScript), back-end frameworks (e.g., Node.js, Django, Ruby on Rails), databases (e.g., MySQL, MongoDB), version control (e.g., Git), and familiarity with web development tools and libraries (e.g., React, Angular, Vue.js).

Web Developer: Skills to learn: Proficiency in HTML, CSS, JavaScript, web development frameworks (e.g., React, Angular), responsive design, web performance optimization, and understanding of web development best practices.

Software Developer: Skills to learn: Proficiency in programming languages (e.g., Java, Python, C++), software development methodologies, problem-solving, debugging, version control systems, and understanding of software architecture and design patterns.
question: I am proficient in Agile methodologies, React, JavaScript, CSS, and HTML. What role suits me the best?
Answer the question based on the provided context","Based on your proficiency in Agile methodologies, React, JavaScript, CSS, and HTML, the role that suits you the best would be a Full Stack Developer.",profession_for_skills
"context: Cloud Architect Salary/ Annual Income/ Compensation: CAD 95,000 - CAD 160,000

Computer Network Architect Salary/ Annual Income/ Compensation: CAD 80,000 - CAD 135,000

Data Architect: CAD 90,000 Salary/ Annual Income/ Compensation- CAD 150,000
question: How much does a Cloud Architect usually earn?
Answer the question based on the provided context","A Cloud Architect typically earns between CAD 95,000 and CAD 160,000 annually in Canada.",professions_salary
"context: DevOps Engineer: Skills to learn: Continuous integration/continuous deployment (CI/CD), containerization (e.g., Docker, Kubernetes), infrastructure as code (IaC), scripting languages (e.g., Bash, Python), and cloud platforms.

MLOps Engineer: Skills to learn: Machine learning model deployment, version control, continuous integration/continuous deployment (CI/CD), containerization, cloud platforms, and understanding of machine learning lifecycle management.

Full Stack Developer: Skills to learn: Proficiency in front-end technologies (e.g., HTML, CSS, JavaScript), back-end frameworks (e.g., Node.js, Django, Ruby on Rails), databases (e.g., MySQL, MongoDB), version control (e.g., Git), and familiarity with web development tools and libraries (e.g., React, Angular, Vue.js).
question: My skills include Docker, Kubernetes, CI/CD, and Python. What career path should I consider?
Answer the question based on the provided context","With skills in Docker, Kubernetes, CI/CD, and Python, you should consider a career path as a DevOps Engineer.",profession_for_skills
"context: Cloud Architect Salary/ Annual Income/ Compensation: CAD 95,000 - CAD 160,000

Data Architect: CAD 90,000 Salary/ Annual Income/ Compensation- CAD 150,000

Computer Network Architect Salary/ Annual Income/ Compensation: CAD 80,000 - CAD 135,000
question: What's the salary range for a Senior Cloud Architect?
Answer the question based on the provided context","The salary range for a Senior Cloud Architect is typically between CAD 95,000 and CAD 160,000 annually.",professions_salary
"context: Database Administrator/DB Administrator: Skills to learn: Database management systems (e.g., SQL Server, Oracle, MySQL), data security, backup and recovery, database performance tuning, and query optimization.

Database Administrator/ DB Administrator: Skills to learn: Database management systems (e.g., SQL Server, Oracle, MySQL), data security, backup and recovery, database performance tuning, query optimization, and familiarity with database design principles.

Full Stack Developer: Skills to learn: Proficiency in front-end technologies (e.g., HTML, CSS, JavaScript), back-end frameworks (e.g., Node.js, Django, Ruby on Rails), databases (e.g., MySQL, MongoDB), version control (e.g., Git), and familiarity with web development tools and libraries (e.g., React, Angular, Vue.js).
question: I have experience in Java, Spring Boot, Hibernate, MySQL, and RESTful APIs. What profession aligns with my expertise?
Answer the question based on the provided context","Based on your experience in Java, Spring Boot, Hibernate, MySQL, and RESTful APIs, the profession that aligns with your expertise would be a Full Stack Developer.",profession_for_skills
"context: Mobile App Developer Salary/ Annual Income/ Compensation: CAD 70,000 - CAD 125,000

Software Developer Salary/ Annual Income/ Compensation: CAD 65,000 - CAD 110,000

Game Developer Salary/ Annual Income/ Compensation: CAD 70,000 - CAD 120,000

question: What's the salary range for a Senior Mobile App Developer?
Answer the question based on the provided context","A Senior Mobile App Developer typically earns between CAD 70,000 and CAD 125,000 per year.",professions_salary
"context: Full Stack Developer: Skills to learn: Proficiency in front-end technologies (e.g., HTML, CSS, JavaScript), back-end frameworks (e.g., Node.js, Django, Ruby on Rails), databases (e.g., MySQL, MongoDB), version control (e.g., Git), and familiarity with web development tools and libraries (e.g., React, Angular, Vue.js).

Web Developer: Skills to learn: Proficiency in HTML, CSS, JavaScript, web development frameworks (e.g., React, Angular), responsive design, web performance optimization, and understanding of web development best practices.

Web Developer: Web developers design, build, and maintain websites. They work with clients and stakeholders to create visually appealing and functional web solutions using various programming languages and web development tools.
question: My strengths lie in Agile, React, JavaScript, CSS, and HTML. What career path would be most suitable for me?
Answer the question based on the provided context","With your strengths in Agile, React, JavaScript, CSS, and HTML, pursuing a career as a Full Stack Developer would be most suitable for you.",profession_for_skills
"context: Computer Vision Engineer/ CV Engineer/ Vision Engineer: Skills to learn: Computer vision algorithms, image processing, deep learning frameworks (e.g., TensorFlow, PyTorch), programming languages (e.g., Python, C++), and understanding of image recognition technologies.

Deep Learning Engineer: Skills to learn: Deep learning frameworks (e.g., TensorFlow, PyTorch), neural networks, computer vision, natural language processing (NLP), programming languages (e.g., Python, R), and understanding of model optimization.

Artificial Intelligence Specialist/ AI Specialist/ AI Engineer: Skills to learn: Artificial Intelligence, Machine learning, deep learning, natural language processing (NLP), computer vision, neural networks, programming languages (e.g., Python, R), and understanding of AI ethics and regulations.
question: My skills include deep learning frameworks, TensorFlow, PyTorch, computer vision algorithms, and Python. What career path should I consider?
Answer the question based on the provided context","With your expertise in deep learning frameworks, TensorFlow, PyTorch, computer vision algorithms, and Python, pursuing a career as a Deep Learning Engineer would be an ideal fit. ",profession_for_skills
"context: Full Stack Developer: Skills to learn: Proficiency in front-end technologies (e.g., HTML, CSS, JavaScript), back-end frameworks (e.g., Node.js, Django, Ruby on Rails), databases (e.g., MySQL, MongoDB), version control (e.g., Git), and familiarity with web development tools and libraries (e.g., React, Angular, Vue.js).

Blockchain Developer: Skills to learn: Understanding of blockchain technology, proficiency in blockchain platforms (e.g., Ethereum, Hyperledger), smart contract development (e.g., Solidity), cryptography, decentralized application (DApp) development, and knowledge of blockchain consensus mechanisms.

Web Developer: Skills to learn: Proficiency in HTML, CSS, JavaScript, web development frameworks (e.g., React, Angular), responsive design, web performance optimization, and understanding of web development best practices.
question: I am knowledgeable in React, Node.js, MongoDB, Git, and JavaScript. What profession suits me?
Answer the question based on the provided context","With your expertise in React, Node.js, MongoDB, Git, and JavaScript, pursuing a career as a Full Stack Developer would be a fitting choice.",profession_for_skills
"context: Data Scientist: Skills to learn: Machine learning, statistical analysis, data mining, programming languages (e.g., Python, R), big data technologies, data visualization, and domain knowledge in the relevant industry.

Data Analyst: Skills to learn: Data analysis, SQL, data visualization tools (e.g., Tableau, Power BI), statistical analysis, programming languages (e.g., Python, R), and understanding of data modeling and reporting.

Data Scientist: Data scientists utilize advanced analytical and programming skills to explore, interpret, and extract valuable insights from large, complex datasets. They apply statistical models, machine learning algorithms, and predictive analytics to solve business problems, identify opportunities, and support data-driven decision-making.
question: What are the skills required for a data scientist?
Answer the question based on the provided context","Skills required for a data scientist include machine learning, statistical analysis, data mining, programming languages (e.g., Python, R), big data technologies, data visualization, and domain knowledge in the relevant industry.",skills_required_for_profession
"context: Data Scientist: Skills to learn: Machine learning, Data Science, statistical analysis, data mining, programming languages (e.g., Python, R), big data technologies, data visualization, and domain knowledge in the relevant industry.

Data Analyst: Skills to learn: Data analysis, SQL, data visualization tools (e.g., Tableau, Power BI), statistical analysis, programming languages (e.g., Python, R), and understanding of data modeling and reporting.

Data Engineer: Skills to learn: SQL, Python, data warehousing, ETL (Extract, Transform, Load) tools, database design, cloud platforms (e.g., AWS, GCP), big data technologies (e.g., Hadoop, Spark), and data visualization.
question: With expertise in data analysis, SQL, Power BI, machine learning, and Python, what profession should I consider?
Answer the question based on the provided context","With expertise in data analysis, SQL, Power BI, machine learning, and Python, you should consider pursuing a career as a Data Scientist.",profession_for_skills
"context: Machine Learning Engineer/ ML Engineer: Skills to learn: Machine learning algorithms, deep learning, neural networks, programming languages (e.g., Python, R), data preprocessing, model deployment, and understanding of cloud platforms.

Big Data Engineer: Skills to learn: Proficiency in big data technologies (e.g., Hadoop, Spark, Kafka), data processing frameworks, distributed computing, data pipeline development, cloud platforms (e.g., AWS, Azure, GCP), and understanding of data governance and privacy regulations.

Data Scientist: Skills to learn: Machine learning, Data Science, statistical analysis, data mining, programming languages (e.g., Python, R), big data technologies, data visualization, and domain knowledge in the relevant industry.
question: I have experience in cloud computing platforms, GCP, Python, and machine learning. What profession suits me?
Answer the question based on the provided context","Based on your experience in cloud computing platforms like GCP, Python, and machine learning, a profession that suits you is Machine Learning Engineer/ML Engineer.",profession_for_skills
"context: Computer Vision Engineer/ CV Engineer/ Vision Engineer: Skills to learn: Computer vision algorithms, image processing, deep learning frameworks (e.g., TensorFlow, PyTorch), programming languages (e.g., Python, C++), and understanding of image recognition technologies.

Artificial Intelligence Specialist/ AI Specialist/ AI Engineer: Skills to learn: Artificial Intelligence, Machine learning, deep learning, natural language processing (NLP), computer vision, neural networks, programming languages (e.g., Python, R), and understanding of AI ethics and regulations.

Deep Learning Engineer: Skills to learn: Deep learning frameworks (e.g., TensorFlow, PyTorch), neural networks, computer vision, natural language processing (NLP), programming languages (e.g., Python, R), and understanding of model optimization.
question: I am knowledgeable in computer vision algorithms, deep learning frameworks, TensorFlow, PyTorch, and Python. What profession suits me?
Answer the question based on the provided context","With your expertise in computer vision algorithms, deep learning frameworks like TensorFlow and PyTorch, and proficiency in Python, pursuing a career as a Computer Vision Engineer would be an ideal fit.",profession_for_skills
"context: Network Security Engineer: Network security engineers are responsible for securing an organization's computer networks from cyber threats and attacks. They design and implement security measures, such as firewalls and intrusion detection systems, to protect network infrastructure and data. Network security engineers monitor network traffic, investigate security breaches, and develop strategies to mitigate risks and vulnerabilities.

Network Security Engineer: Skills to learn: Network protocols and architecture, firewall configuration and management, intrusion detection/prevention systems (IDS/IPS), VPN technologies, ethical hacking techniques, and familiarity with security standards and compliance (e.g., ISO 27001, NIST).

Network Administrator: Network administrators manage and maintain an organization's computer networks. They ensure network functionality, performance, and security, and address any issues that may arise.
question: What are the main responsibilities of a Network Security Engineer in maintaining network integrity?
Answer the question based on the provided context","Network security engineers are responsible for securing an organization's computer networks from cyber threats and attacks. They design and implement security measures, such as firewalls and intrusion detection systems, to protect network infrastructure and data. Network security engineers monitor network traffic, investigate security breaches, and develop strategies to mitigate risks and vulnerabilities.",profession_description
"context: Data Scientist: Data scientists utilize advanced analytical and programming skills to explore, interpret, and extract valuable insights from large, complex datasets. They apply statistical models, machine learning algorithms, and predictive analytics to solve business problems, identify opportunities, and support data-driven decision-making.

Data Scientist: Skills to learn: Machine learning, statistical analysis, data mining, programming languages (e.g., Python, R), big data technologies, data visualization, and domain knowledge in the relevant industry.

Data and Analytics Manager: Data and analytics managers oversee the strategic planning and execution of data initiatives within an organization. They lead teams responsible for data governance, analytics, and business intelligence, ensuring that data resources are utilized effectively to support decision-making and drive business growth.
question: What is the role of a data scientist?
Answer the question based on the provided context","Data scientists utilize advanced analytical and programming skills to explore, interpret, and extract valuable insights from large, complex datasets. They apply statistical models, machine learning algorithms, and predictive analytics to solve business problems, identify opportunities, and support data-driven decision-making.",profession_description
"context: MLOps Engineer: Skills to learn: Machine learning model deployment, version control, continuous integration/continuous deployment (CI/CD), containerization, cloud platforms, and understanding of machine learning lifecycle management.

DevOps Engineer: Skills to learn: Continuous integration/continuous deployment (CI/CD), containerization (e.g., Docker, Kubernetes), infrastructure as code (IaC), scripting languages (e.g., Bash, Python), and cloud platforms.

Machine Learning Engineer/ ML Engineer: Skills to learn: Machine learning algorithms, deep learning, neural networks, programming languages (e.g., Python, R), data preprocessing, model deployment, and understanding of cloud platforms.
question: What are the skills required for an MLOps engineer?
Answer the question based on the provided context","MLOps engineers need skills in machine learning model deployment, version control, continuous integration/continuous deployment (CI/CD), containerization, cloud platforms, and understanding of machine learning lifecycle management. ",skills_required_for_profession
"context: Deep Learning Engineer
Deep learning engineers specialize in developing and implementing deep learning systems, which are a subset of machine learning algorithms that are particularly effective for complex data analysis. They work on creating neural networks that are capable of learning from large amounts of data and making predictions or decisions based on that data.

Deep Learning Engineer: Skills to learn: Deep learning frameworks (e.g., TensorFlow, PyTorch), neural networks, computer vision, natural language processing (NLP), programming languages (e.g., Python, R), and understanding of model optimization.

Machine Learning Engineer/ ML Engineer: Machine learning engineers develop and deploy machine learning models and systems that enable computers to perform tasks without explicit programming. They work on designing, implementing, and optimizing machine learning algorithms and models, often in collaboration with data scientists and software developers, to create intelligent solutions for various applications.
question: How does a deep learning engineer contribute to developing and implementing deep learning models?
Answer the question based on the provided context","Deep learning engineers specialize in developing and implementing deep learning systems, which are a subset of machine learning algorithms that are particularly effective for complex data analysis. They work on creating neural networks that are capable of learning from large amounts of data and making predictions or decisions based on that data.",profession_description
"context: Web Developer Salary/ Annual Income/ Compensation: CAD 60,000 - CAD 105,000

Software Developer Salary/ Annual Income/ Compensation: CAD 65,000 - CAD 110,000

Full Stack Developer Salary/ Annual Income/ Compensation: CAD 70,000 - CAD 120,000
question: What's the salary range for a Lead Web Developer?
Answer the question based on the provided context","The salary range for a Lead Web Developer would likely be similar to that of a Full Stack Developer, which is typically between CAD 70,000 to CAD 120,000 per year.",professions_salary
"context: NLP Engineer/ Natural Language processing engineer: Skills to learn: Natural language processing (NLP) techniques, text mining, sentiment analysis, language modeling, programming languages (e.g., Python, R), and understanding of linguistic principles.

NLP Engineer/ Natural Language processing engineer
NLP engineers focus on developing and implementing natural language processing (NLP) systems and applications. They work on creating algorithms and models that enable computers to understand, interpret, and generate human language in a valuable way.

Artificial Intelligence Specialist/ AI Specialist/ AI Engineer: Skills to learn: Machine learning, deep learning, natural language processing (NLP), computer vision, neural networks, programming languages (e.g., Python, R), and understanding of AI ethics and regulations.
question: What skills do NLP engineers need to learn in order to be effective in their role?
Answer the question based on the provided context","To be effective in their role, NLP engineers need to have a comprehensive understanding of Natural language processing (NLP) techniques, text mining, sentiment analysis, language modeling, programming languages (e.g., Python, R), and understanding of linguistic principles.",skills_required_for_profession
"context: Data and Analytics Manager: Data and analytics managers oversee the strategic planning and execution of data initiatives within an organization. They lead teams responsible for data governance, analytics, and business intelligence, ensuring that data resources are utilized effectively to support decision-making and drive business growth.

Data and Analytics Manager: Skills to learn: Data strategy, data governance, team management, data visualization, business intelligence tools, project management, and understanding of data security and compliance.

Data Analyst: Data analysts are tasked with interpreting and analyzing complex data sets to uncover insights that can inform business decisions. They use statistical methods and visualization techniques to present their findings in a clear and understandable manner, helping organizations understand trends, make strategic choices, and optimize performance.
question: What are the primary differences between a data analyst and a data and analytics manager?
Answer the question based on the provided context","Data analysts are tasked with interpreting and analyzing complex data sets to uncover insights that can inform business decisions. They use statistical methods and visualization techniques to present their findings in a clear and understandable manner, helping organizations understand trends, make strategic choices, and optimize performance.  Data and analytics managers oversee the strategic planning and execution of data initiatives within an organization. They lead teams responsible for data governance, analytics, and business intelligence, ensuring that data resources are utilized effectively to support decision-making and drive business growth. ",professions_difference
"context: Data Analyst: Skills to learn: Data analysis, SQL, data visualization tools (e.g., Tableau, Power BI), statistical analysis, programming languages (e.g., Python, R), and understanding of data modeling and reporting.

Data Scientist: Skills to learn: Machine learning, statistical analysis, data mining, programming languages (e.g., Python, R), big data technologies, data visualization, and domain knowledge in the relevant industry.

Business Intelligence Analyst/ BI Analyst: Skills to learn: Data analysis and visualization tools, SQL and database querying, data modeling, business acumen, and the ability to translate data into actionable insights.
question: What skills should I acquire to pursue a career as a data analyst?
Answer the question based on the provided context","To pursue a career as a data analyst, you should acquire skills in data analysis, SQL, data visualization tools (e.g., Tableau, Power BI), statistical analysis, programming languages (e.g., Python, R), and understanding of data modeling and reporting.",skills_required_for_profession
"context: Big Data Engineer: Big data engineers design and maintain the infrastructure for storing, processing, and analyzing large volumes of data. They are proficient in big data technologies like Hadoop, Spark, and NoSQL databases. Big data engineers develop data pipelines, optimize data workflows, and ensure data quality and reliability for data-driven decision-making.

Big Data Engineer: Skills to learn: Proficiency in big data technologies (e.g., Hadoop, Spark, Kafka), data processing frameworks, distributed computing, data pipeline development, cloud platforms (e.g., AWS, Azure, GCP), and understanding of data governance and privacy regulations.

Data Engineer: A data engineer designs, builds, and maintains the architecture that allows for the processing and storage of large datasets. They are responsible for developing and managing the infrastructure for data generation, collection, and storage, ensuring data availability and reliability for the organization's analytical and operational needs.
question: What are the primary duties and responsibilities of a Big Data Engineer in an organization?
Answer the question based on the provided context","Big data engineers design and maintain the infrastructure for storing, processing, and analyzing large volumes of data. They are proficient in big data technologies like Hadoop, Spark, and NoSQL databases. Big data engineers develop data pipelines, optimize data workflows, and ensure data quality and reliability for data-driven decision-making.",profession_description
"context: Data Architect: CAD 90,000 Salary/ Annual Income/ Compensation- CAD 150,000

Computer Network Architect Salary/ Annual Income/ Compensation: CAD 80,000 - CAD 135,000

Data Analyst Salary/ Annual Income/ Compensation: CAD 55,000 - CAD 95,000
question: What's the salary range for a Lead Data Architect?
Answer the question based on the provided context","The salary range for a Lead Data Architect is typically between CAD 90,000 and CAD 150,000 per year.",professions_salary
"context: Data Analyst: Skills to learn: Data analysis, SQL, data visualization tools (e.g., Tableau, Power BI), statistical analysis, programming languages (e.g., Python, R), and understanding of data modeling and reporting.

Data analysis visualization tools: Data analysis visualization tools, such as Tableau and Power BI, enable users to create visual representations of data, including charts, graphs, and dashboards, to facilitate data exploration and communication.

Data Analyst: Data analysts are tasked with interpreting and analyzing complex data sets to uncover insights that can inform business decisions. They use statistical methods and visualization techniques to present their findings in a clear and understandable manner, helping organizations understand trends, make strategic choices, and optimize performance.
question: With expertise in data analysis visualization tools, Tableau, Power BI, SQL, and Excel, what profession should I consider?
Answer the question based on the provided context","With your expertise in data analysis visualization tools like Tableau and Power BI, SQL, and Excel, pursuing a career as a Data Analyst would be ideal for you.",profession_for_skills
"context: Data Scientist: Skills to learn: Machine learning, statistical analysis, data mining, programming languages (e.g., Python, R), big data technologies, data visualization, and domain knowledge in the relevant industry.

Data Scientist: Data scientists utilize advanced analytical and programming skills to explore, interpret, and extract valuable insights from large, complex datasets. They apply statistical models, machine learning algorithms, and predictive analytics to solve business problems, identify opportunities, and support data-driven decision-making.

Data Engineer: Skills to learn: SQL, Python, data warehousing, ETL (Extract, Transform, Load) tools, database design, cloud platforms (e.g., AWS, GCP), big data technologies (e.g., Hadoop, Spark), and data visualization.
question: Which areas of knowledge should I focus on to become a data scientist?
Answer the question based on the provided context","To become a data scientist, focus on acquiring knowledge in machine learning, statistical analysis, data mining, programming languages (e.g., Python, R), big data technologies, data visualization, and domain knowledge in the relevant industry. ",skills_required_for_profession
"context: Data and Analytics Manager: Skills to learn: Data strategy, data governance, team management, data visualization, business intelligence tools, project management, and understanding of data security and compliance.

Artificial Intelligence Specialist: Artificial intelligence specialists focus on developing and implementing AI solutions, including natural language processing, computer vision, and machine learning applications. They work on creating intelligent systems that can learn, adapt, and perform tasks traditionally requiring human intelligence, driving innovation and efficiency across various industries.

Data and Analytics Manager: Data and analytics managers oversee the strategic planning and execution of data initiatives within an organization. They lead teams responsible for data governance, analytics, and business intelligence, ensuring that data resources are utilized effectively to support decision-making and drive business growth.
question: What sets apart an artificial intelligence specialist from a data and analytics manager?
Answer the question based on the provided context","Artificial intelligence specialists focus on developing and implementing AI solutions, including natural language processing, computer vision, and machine learning applications. They work on creating intelligent systems that can learn, adapt, and perform tasks traditionally requiring human intelligence, driving innovation and efficiency across various industries.  Data and analytics managers oversee the strategic planning and execution of data initiatives within an organization. They lead teams responsible for data governance, analytics, and business intelligence, ensuring that data resources are utilized effectively to support decision-making and drive business growth. ",professions_difference
"context: Deep Learning Engineer
Deep learning engineers specialize in developing and implementing deep learning systems, which are a subset of machine learning algorithms that are particularly effective for complex data analysis. They work on creating neural networks that are capable of learning from large amounts of data and making predictions or decisions based on that data.

Deep Learning Engineer: Skills to learn: Deep learning frameworks (e.g., TensorFlow, PyTorch), neural networks, computer vision, natural language processing (NLP), programming languages (e.g., Python, R), and understanding of model optimization.

Machine Learning Engineer/ ML Engineer: Skills to learn: Machine learning algorithms, deep learning, neural networks, programming languages (e.g., Python, R), data preprocessing, model deployment, and understanding of cloud platforms.
question: What tasks does a deep learning engineer typically undertake?
Answer the question based on the provided context","Deep learning engineers specialize in developing and implementing deep learning systems, which are a subset of machine learning algorithms that are particularly effective for complex data analysis. They work on creating neural networks that are capable of learning from large amounts of data and making predictions or decisions based on that data.",profession_description
"context: Data Analyst: Data analysts are tasked with interpreting and analyzing complex data sets to uncover insights that can inform business decisions. They use statistical methods and visualization techniques to present their findings in a clear and understandable manner, helping organizations understand trends, make strategic choices, and optimize performance.

Data Analyst: Skills to learn: Data analysis, SQL, data visualization tools (e.g., Tableau, Power BI), statistical analysis, programming languages (e.g., Python, R), and understanding of data modeling and reporting.

Data Scientist: Data scientists utilize advanced analytical and programming skills to explore, interpret, and extract valuable insights from large, complex datasets. They apply statistical models, machine learning algorithms, and predictive analytics to solve business problems, identify opportunities, and support data-driven decision-making.
question: What does a data analyst do on a daily basis?
Answer the question based on the provided context","Data analysts are tasked with interpreting and analyzing complex data sets to uncover insights that can inform business decisions. They use statistical methods and visualization techniques to present their findings in a clear and understandable manner, helping organizations understand trends, make strategic choices, and optimize performance.",profession_description
"context: Machine Learning Engineer/ ML Engineer: Machine learning engineers develop and deploy machine learning models and systems that enable computers to perform tasks without explicit programming. They work on designing, implementing, and optimizing machine learning algorithms and models, often in collaboration with data scientists and software developers, to create intelligent solutions for various applications.

Machine Learning Engineer/ ML Engineer: Skills to learn: Machine learning algorithms, deep learning, neural networks, programming languages (e.g., Python, R), data preprocessing, model deployment, and understanding of cloud platforms.

MLOps Engineer
MLOps engineers focus on the deployment, monitoring, and management of machine learning models in production. They work to streamline the process of taking machine learning models from development to deployment, ensuring that models are scalable, reliable, and maintainable in real-world applications.
question: What are the responsibilities of a machine learning engineer?
Answer the question based on the provided context","Machine learning engineers develop and deploy machine learning models and systems that enable computers to perform tasks without explicit programming. They work on designing, implementing, and optimizing machine learning algorithms and models, often in collaboration with data scientists and software developers, to create intelligent solutions for various applications.",profession_description
"context: Game Developer: Game developers create interactive and immersive gaming experiences for various platforms, including consoles, PCs, and mobile devices. They are skilled in programming languages like C++, Unity, and Unreal Engine. Game developers design game mechanics, develop game logic, and optimize game performance to deliver engaging and enjoyable gaming experiences for players.


Game Developer: Skills to learn: Proficiency in game development engines (e.g., Unity, Unreal Engine), programming languages (e.g., C++, C#, Python), game physics and mathematics, 3D modeling and animation, AI programming for games, and knowledge of game design principles and mechanics.


Software Developer: Software developers are proficient in programming languages and are responsible for designing, creating, and maintaining software applications. They work in collaboration with teams to develop user-friendly and efficient software solutions.
question: Can you describe the day-to-day activities of a Game Developer?
Answer the question based on the provided context","Game developers create interactive and immersive gaming experiences for various platforms, including consoles, PCs, and mobile devices. They are skilled in programming languages like C++, Unity, and Unreal Engine. Game developers design game mechanics, develop game logic, and optimize game performance to deliver engaging and enjoyable gaming experiences for players.",profession_description
"context: Data Architect: Data architects design and create the blueprint for managing and integrating an organization's data assets. They develop the structure and architecture for databases, data warehouses, and data lakes, ensuring that data is organized, accessible, and aligned with business requirements and industry best practices.

Data Architect: Skills to learn: Data modeling, database design, ETL (Extract, Transform, Load) processes, understanding of cloud platforms, big data technologies, and data governance.

Data Engineer: A data engineer designs, builds, and maintains the architecture that allows for the processing and storage of large datasets. They are responsible for developing and managing the infrastructure for data generation, collection, and storage, ensuring data availability and reliability for the organization's analytical and operational needs.
question: What are the responsibilities of a data architect?
Answer the question based on the provided context","Data architects design and create the blueprint for managing and integrating an organization's data assets. They develop the structure and architecture for databases, data warehouses, and data lakes, ensuring that data is organized, accessible, and aligned with business requirements and industry best practices.",profession_description
"context: Blockchain Developer: Blockchain developers design and implement decentralized applications (DApps) using blockchain technology. They are skilled in blockchain platforms and languages like Solidity for Ethereum. Blockchain developers work on developing smart contracts, implementing security measures, and ensuring the integrity and reliability of blockchain networks.

Network Security Engineer: Skills to learn: Network protocols and architecture, firewall configuration and management, intrusion detection/prevention systems (IDS/IPS), VPN technologies, ethical hacking techniques, and familiarity with security standards and compliance (e.g., ISO 27001, NIST).

Network Security Engineer: Network security engineers are responsible for securing an organization's computer networks from cyber threats and attacks. They design and implement security measures, such as firewalls and intrusion detection systems, to protect network infrastructure and data. Network security engineers monitor network traffic, investigate security breaches, and develop strategies to mitigate risks and vulnerabilities.
question: What are the primary differences between a blockchain developer and a network security engineer?
Answer the question based on the provided context","Blockchain developers design and implement decentralized applications (DApps) using blockchain technology. They are skilled in blockchain platforms and languages like Solidity for Ethereum. Blockchain developers work on developing smart contracts, implementing security measures, and ensuring the integrity and reliability of blockchain networks.  Network security engineers are responsible for securing an organization's computer networks from cyber threats and attacks. They design and implement security measures, such as firewalls and intrusion detection systems, to protect network infrastructure and data. Network security engineers monitor network traffic, investigate security breaches, and develop strategies to mitigate risks and vulnerabilities. ",professions_difference
"context: Network Administrator: Skills to learn: Network configuration, troubleshooting, security protocols (e.g., SSL, VPN), network monitoring tools, understanding of TCP/IP, DNS, DHCP, routing, and familiarity with network hardware and software.

Network Security Engineer: Skills to learn: Network protocols and architecture, firewall configuration and management, intrusion detection/prevention systems (IDS/IPS), VPN technologies, ethical hacking techniques, and familiarity with security standards and compliance (e.g., ISO 27001, NIST).

Computer Network Architect: Skills to learn: Network design and implementation, knowledge of networking protocols, network security, scalability, and familiarity with network hardware and software.
question: My skills include network configuration, DHCP, DNS, network security, and VPN. What career path would be most suitable for me?
Answer the question based on the provided context","With your skills in network configuration, DHCP, DNS, network security, and VPN, pursuing a career as a Network Security Engineer would be most suitable for you.",profession_for_skills
"context: Full Stack Developer: Skills to learn: Proficiency in front-end technologies (e.g., HTML, CSS, JavaScript), back-end frameworks (e.g., Node.js, Django, Ruby on Rails), databases (e.g., MySQL, MongoDB), version control (e.g., Git), and familiarity with web development tools and libraries (e.g., React, Angular, Vue.js).

Blockchain Developer: Skills to learn: Understanding of blockchain technology, proficiency in blockchain platforms (e.g., Ethereum, Hyperledger), smart contract development (e.g., Solidity), cryptography, decentralized application (DApp) development, and knowledge of blockchain consensus mechanisms.

Blockchain Developer: Blockchain developers design and implement decentralized applications (DApps) using blockchain technology. They are skilled in blockchain platforms and languages like Solidity for Ethereum. Blockchain developers work on developing smart contracts, implementing security measures, and ensuring the integrity and reliability of blockchain networks.
question: I have experience in React, Node.js, MongoDB, and Git. What profession aligns with my expertise?
Answer the question based on the provided context","Based on your experience in React, Node.js, MongoDB, and Git, the profession that aligns with your expertise is that of a Full Stack Developer.",profession_for_skills
"context: Deep Learning Engineer
Deep learning engineers specialize in developing and implementing deep learning systems, which are a subset of machine learning algorithms that are particularly effective for complex data analysis. They work on creating neural networks that are capable of learning from large amounts of data and making predictions or decisions based on that data.

Deep Learning Engineer: Skills to learn: Deep learning frameworks (e.g., TensorFlow, PyTorch), neural networks, computer vision, natural language processing (NLP), programming languages (e.g., Python, R), and understanding of model optimization.

Machine Learning Engineer/ ML Engineer: Skills to learn: Machine learning algorithms, deep learning, neural networks, programming languages (e.g., Python, R), data preprocessing, model deployment, and understanding of cloud platforms.
question: What are the responsibilities of a deep learning engineer?
Answer the question based on the provided context","Deep learning engineers specialize in developing and implementing deep learning systems, which are a subset of machine learning algorithms that are particularly effective for complex data analysis. They work on creating neural networks that are capable of learning from large amounts of data and making predictions or decisions based on that data.",profession_description
"context: Artificial Intelligence Specialist: Artificial intelligence specialists focus on developing and implementing AI solutions, including natural language processing, computer vision, and machine learning applications. They work on creating intelligent systems that can learn, adapt, and perform tasks traditionally requiring human intelligence, driving innovation and efficiency across various industries.

Artificial Intelligence Specialist/ AI Specialist/ AI Engineer: Skills to learn: Artificial Intelligence, Machine learning, deep learning, natural language processing (NLP), computer vision, neural networks, programming languages (e.g., Python, R), and understanding of AI ethics and regulations.

Data Scientist: Data scientists utilize advanced analytical and programming skills to explore, interpret, and extract valuable insights from large, complex datasets. They apply statistical models, machine learning algorithms, and predictive analytics to solve business problems, identify opportunities, and support data-driven decision-making.
question: What sets apart an artificial intelligence specialist from a data scientist?
Answer the question based on the provided context","Artificial intelligence specialists focus on developing and implementing AI solutions, including natural language processing, computer vision, and machine learning applications. They work on creating intelligent systems that can learn, adapt, and perform tasks traditionally requiring human intelligence, driving innovation and efficiency across various industries.  Data scientists utilize advanced analytical and programming skills to explore, interpret, and extract valuable insights from large, complex datasets. They apply statistical models, machine learning algorithms, and predictive analytics to solve business problems, identify opportunities, and support data-driven decision-making.",professions_difference
"context: Machine Learning Engineer/ ML Engineer: Machine learning engineers develop and deploy machine learning models and systems that enable computers to perform tasks without explicit programming. They work on designing, implementing, and optimizing machine learning algorithms and models, often in collaboration with data scientists and software developers, to create intelligent solutions for various applications.

Machine Learning Engineer/ ML Engineer: Skills to learn: Machine learning algorithms, deep learning, neural networks, programming languages (e.g., Python, R), data preprocessing, model deployment, and understanding of cloud platforms.

Data Scientist: Data scientists utilize advanced analytical and programming skills to explore, interpret, and extract valuable insights from large, complex datasets. They apply statistical models, machine learning algorithms, and predictive analytics to solve business problems, identify opportunities, and support data-driven decision-making.
question: What sets apart a data scientist from a machine learning engineer?
Answer the question based on the provided context","Data scientists utilize advanced analytical and programming skills to explore, interpret, and extract valuable insights from large, complex datasets. They apply statistical models, machine learning algorithms, and predictive analytics to solve business problems, identify opportunities, and support data-driven decision-making.  Machine learning engineers develop and deploy machine learning models and systems that enable computers to perform tasks without explicit programming. They work on designing, implementing, and optimizing mac",professions_difference
"context: Database Administrator: Database administrators are responsible for managing, securing, and optimizing an organization’s databases. They oversee data storage, retrieval, and security, and troubleshoot any database-related issues.

Data Architect: Data architects design and create the blueprint for managing and integrating an organization's data assets. They develop the structure and architecture for databases, data warehouses, and data lakes, ensuring that data is organized, accessible, and aligned with business requirements and industry best practices.

Database Administrator/ DB Administrator: Skills to learn: Database management systems (e.g., SQL Server, Oracle, MySQL), data security, backup and recovery, database performance tuning, query optimization, and familiarity with database design principles.
question: How does a database administrator differ from a data architect?
Answer the question based on the provided context","Database administrators are responsible for managing, securing, and optimizing an organization’s databases. They oversee data storage, retrieval, and security, and troubleshoot any database-related issues.  Data architects design and create the blueprint for managing and integrating an organization's data assets. They develop the structure and architecture for databases, data warehouses, and data lakes, ensuring that data is organized, accessible, and aligned with business requirements and industry best practices. ",professions_difference
"context: Big Data Engineer: Big data engineers design and maintain the infrastructure for storing, processing, and analyzing large volumes of data. They are proficient in big data technologies like Hadoop, Spark, and NoSQL databases. Big data engineers develop data pipelines, optimize data workflows, and ensure data quality and reliability for data-driven decision-making.

Big Data Engineer: Skills to learn: Proficiency in big data technologies (e.g., Hadoop, Spark, Kafka), data processing frameworks, distributed computing, data pipeline development, cloud platforms (e.g., AWS, Azure, GCP), and understanding of data governance and privacy regulations.

Game Developer: Game developers create interactive and immersive gaming experiences for various platforms, including consoles, PCs, and mobile devices. They are skilled in programming languages like C++, Unity, and Unreal Engine. Game developers design game mechanics, develop game logic, and optimize game performance to deliver engaging and enjoyable gaming experiences for players.

question: What are the primary differences between a game developer and a big data engineer?
Answer the question based on the provided context","Game developers create interactive and immersive gaming experiences for various platforms, including consoles, PCs, and mobile devices. They are skilled in programming languages like C++, Unity, and Unreal Engine. Game developers design game mechanics, develop game logic, and optimize game performance to deliver engaging and enjoyable gaming experiences for players.  Big data engineers design and maintain the infrastructure for storing, processing, and analyzing large volumes of data. They are proficient in big data technologies like Hadoop, Spark, and NoSQL databases. Big data engineers develop data pipelines, optimize data workflows, and ensure data quality and reliability for data-driven decision-making. ",professions_difference
"context: Data Engineer: A data engineer designs, builds, and maintains the architecture that allows for the processing and storage of large datasets. They are responsible for developing and managing the infrastructure for data generation, collection, and storage, ensuring data availability and reliability for the organization's analytical and operational needs.

Data Engineer: Skills to learn: SQL, Python, data warehousing, ETL (Extract, Transform, Load) tools, database design, cloud platforms (e.g., AWS, GCP), big data technologies (e.g., Hadoop, Spark), and data visualization.

Data Scientist: Data scientists utilize advanced analytical and programming skills to explore, interpret, and extract valuable insights from large, complex datasets. They apply statistical models, machine learning algorithms, and predictive analytics to solve business problems, identify opportunities, and support data-driven decision-making.
question: How does a data scientist differ from a data engineer?
Answer the question based on the provided context","Data scientists utilize advanced analytical and programming skills to explore, interpret, and extract valuable insights from large, complex datasets. They apply statistical models, machine learning algorithms, and predictive analytics to solve business problems, identify opportunities, and support data-driven decision-making.  A data engineer designs, builds, and maintains the architecture that allows for the processing and storage of large datasets. They are responsible for developing and managing the infrastructure for data generation, collection, and storage, ensuring data availability and reliability for the organization's analytical and operational needs. ",professions_difference
"context: Cyber Security Specialist Salary/ Annual Income/ Compensation: CAD 75,000 - CAD 130,000

IT Security Consultant Salary/ Annual Income/ Compensation: CAD 80,000 - CAD 135,000

Network Security Engineer Salary/ Annual Income/ Compensation: CAD 75,000 - CAD 130,000
question: How much does a Cyber Security Specialist usually earn?
Answer the question based on the provided context","A Cyber Security Specialist typically earns between CAD 75,000 and CAD 130,000 annually in Canada.",professions_salary
"context: Data Analyst: Skills to learn: Data analysis, SQL, data visualization tools (e.g., Tableau, Power BI), statistical analysis, programming languages (e.g., Python, R), and understanding of data modeling and reporting.

Data analysis visualization tools: Data analysis visualization tools, such as Tableau and Power BI, enable users to create visual representations of data, including charts, graphs, and dashboards, to facilitate data exploration and communication.

Data Analyst: Data analysts are tasked with interpreting and analyzing complex data sets to uncover insights that can inform business decisions. They use statistical methods and visualization techniques to present their findings in a clear and understandable manner, helping organizations understand trends, make strategic choices, and optimize performance.
question: With expertise in data analysis visualization tools, Tableau, Power BI, SQL, and Excel, what profession should I consider?
Answer the question based on the provided context","Based on your expertise in data analysis visualization tools like Tableau and Power BI, SQL, and Excel, the profession that aligns with your skills is a Data Analyst.",profession_for_skills
"context: MLOps Engineer
MLOps engineers focus on the deployment, monitoring, and management of machine learning models in production. They work to streamline the process of taking machine learning models from development to deployment, ensuring that models are scalable, reliable, and maintainable in real-world applications.

MLOps Engineer: Skills to learn: Machine learning model deployment, version control, continuous integration/continuous deployment (CI/CD), containerization, cloud platforms, and understanding of machine learning lifecycle management.

Machine Learning Engineer/ ML Engineer: Machine learning engineers develop and deploy machine learning models and systems that enable computers to perform tasks without explicit programming. They work on designing, implementing, and optimizing machine learning algorithms and models, often in collaboration with data scientists and software developers, to create intelligent solutions for various applications.
question: What is the difference between MLOps engineering and machine learning engineering?
Answer the question based on the provided context","MLOps engineers focus on the deployment, monitoring, and management of machine learning models in production. They work to streamline the process of taking machine learning models from development to deployment, ensuring that models are scalable, reliable, and maintainable in real-world applications.  Machine learning engineers develop and deploy machine learning models and systems that enable computers to perform tasks without explicit programming. They work on designing, implementing, and optimizing machine learning algorithms and models, often in collaboration with data scientists and software developers, to create intelligent solutions for various applications.",professions_difference
"context: UX/UI Designer: UX/UI designers focus on creating intuitive and visually appealing user interfaces for digital products such as websites and mobile applications. They conduct user research, develop wireframes and prototypes, and design interface elements to enhance user experience. UX/UI designers collaborate closely with developers and stakeholders to ensure that the final product meets usability and design standards.

UX/UI Designer: Skills to learn: User research, wireframing, prototyping tools (e.g., Sketch, Adobe XD), usability testing, visual design principles, knowledge of responsive design, and understanding of interaction design patterns.

UI/UX design principles for mobile: UI (User Interface) and UX (User Experience) design principles for mobile refer to the best practices and guidelines for creating intuitive, engaging, and user-friendly interfaces and experiences on mobile devices.
question: What are the main objectives of a UX/UI Designer when designing user interfaces?
Answer the question based on the provided context","UX/UI designers focus on creating intuitive and visually appealing user interfaces for digital products such as websites and mobile applications. They conduct user research, develop wireframes and prototypes, and design interface elements to enhance user experience. UX/UI designers collaborate closely with developers and stakeholders to ensure that the final product meets usability and design standards.",profession_description
"context: Network Security Engineer: Network security engineers are responsible for securing an organization's computer networks from cyber threats and attacks. They design and implement security measures, such as firewalls and intrusion detection systems, to protect network infrastructure and data. Network security engineers monitor network traffic, investigate security breaches, and develop strategies to mitigate risks and vulnerabilities.

Network Security Engineer: Skills to learn: Network protocols and architecture, firewall configuration and management, intrusion detection/prevention systems (IDS/IPS), VPN technologies, ethical hacking techniques, and familiarity with security standards and compliance (e.g., ISO 27001, NIST).

Big Data Engineer: Big data engineers design and maintain the infrastructure for storing, processing, and analyzing large volumes of data. They are proficient in big data technologies like Hadoop, Spark, and NoSQL databases. Big data engineers develop data pipelines, optimize data workflows, and ensure data quality and reliability for data-driven decision-making.
question: What sets apart a network security engineer from a big data engineer?
Answer the question based on the provided context","Network security engineers are responsible for securing an organization's computer networks from cyber threats and attacks. They design and implement security measures, such as firewalls and intrusion detection systems, to protect network infrastructure and data. Network security engineers monitor network traffic, investigate security breaches, and develop strategies to mitigate risks and vulnerabilities.  Big data engineers design and maintain the infrastructure for storing, processing, and analyzing large volumes of data. They are proficient in big data technologies like Hadoop, Spark, and NoSQL databases. Big data engineers develop data pipelines, optimize data workflows, and ensure data quality and reliability for data-driven decision-making.",professions_difference
"context: Database Administrator/DB Administrator: Skills to learn: Database management systems (e.g., SQL Server, Oracle, MySQL), data security, backup and recovery, database performance tuning, and query optimization.

Database Administrator/ DB Administrator: Skills to learn: Database management systems (e.g., SQL Server, Oracle, MySQL), data security, backup and recovery, database performance tuning, query optimization, and familiarity with database design principles.

Full Stack Developer: Skills to learn: Proficiency in front-end technologies (e.g., HTML, CSS, JavaScript), back-end frameworks (e.g., Node.js, Django, Ruby on Rails), databases (e.g., MySQL, MongoDB), version control (e.g., Git), and familiarity with web development tools and libraries (e.g., React, Angular, Vue.js).
question: I have experience in Java, Spring Boot, Hibernate, MySQL, and RESTful APIs. What role suits me the best?
Answer the question based on the provided context","Based on your experience in Java, Spring Boot, Hibernate, MySQL, and RESTful APIs, the role that suits you the best would be a Full Stack Developer.",profession_for_skills
"context: Computer Vision Engineer/ CV Engineer/ Vision Engineer: Skills to learn: Computer vision algorithms, image processing, deep learning frameworks (e.g., TensorFlow, PyTorch), programming languages (e.g., Python, C++), and understanding of image recognition technologies.

Deep Learning Engineer: Skills to learn: Deep learning frameworks (e.g., TensorFlow, PyTorch), neural networks, computer vision, natural language processing (NLP), programming languages (e.g., Python, R), and understanding of model optimization.

Artificial Intelligence Specialist/ AI Specialist/ AI Engineer: Skills to learn: Artificial Intelligence, Machine learning, deep learning, natural language processing (NLP), computer vision, neural networks, programming languages (e.g., Python, R), and understanding of AI ethics and regulations.
question: I am proficient in computer vision algorithms, deep learning frameworks, TensorFlow, PyTorch, and Python. What role suits me the best?
Answer the question based on the provided context","With your proficiency in computer vision algorithms, deep learning frameworks like TensorFlow and PyTorch, as well as Python, a role as a Computer Vision Engineer would suit you best.",profession_for_skills
"context: DevOps Engineer: Skills to learn: Continuous integration/continuous deployment (CI/CD), containerization (e.g., Docker, Kubernetes), infrastructure as code (IaC), scripting languages (e.g., Bash, Python), and cloud platforms.

Data Engineer: Skills to learn: SQL, Python, data warehousing, ETL (Extract, Transform, Load) tools, database design, cloud platforms (e.g., AWS, GCP), big data technologies (e.g., Hadoop, Spark), and data visualization.

Full Stack Developer: Skills to learn: Proficiency in front-end technologies (e.g., HTML, CSS, JavaScript), back-end frameworks (e.g., Node.js, Django, Ruby on Rails), databases (e.g., MySQL, MongoDB), version control (e.g., Git), and familiarity with web development tools and libraries (e.g., React, Angular, Vue.js).
question: My strengths lie in Python, AWS, Docker, Kubernetes, and CI/CD. What career path would be most suitable for me?
Answer the question based on the provided context","With your strengths in Python, AWS, Docker, Kubernetes, and CI/CD, pursuing a career as a DevOps Engineer would be the most suitable path for you.",profession_for_skills
"context: NLP Engineer/ Natural Language processing engineer
NLP engineers focus on developing and implementing natural language processing (NLP) systems and applications. They work on creating algorithms and models that enable computers to understand, interpret, and generate human language in a valuable way.

NLP Engineer/ Natural Language processing engineer: Skills to learn: Natural language processing (NLP) techniques, text mining, sentiment analysis, language modeling, programming languages (e.g., Python, R), and understanding of linguistic principles.

Natural language processing (NLP): Natural language processing (NLP) is a branch of artificial intelligence that focuses on enabling computers to understand, interpret, and generate human language, including text and speech data.
question: What is the function of an NLP engineer within an organization?
Answer the question based on the provided context","NLP engineers focus on developing and implementing natural language processing (NLP) systems and applications. They work on creating algorithms and models that enable computers to understand, interpret, and generate human language in a valuable way.",profession_description
"context: Deep Learning Engineer Salary/ Annual Income/ Compensation: CAD 90,000 - CAD 155,000

Machine Learning Engineer/ ML Engineer- Salary/ Annual Income/ Compensation: CAD 85,000 - CAD 150,000

Computer Vision Engineer/ CV Engineer Salary/ Annual Income/ Compensation: CAD 90,000 - CAD 155,000
question: How much does a Deep Learning Engineer earn in Canada?
Answer the question based on the provided context","A Deep Learning Engineer typically earns between CAD 90,000 and CAD 155,000 annually in Canada.",professions_salary
"context: Deep Learning Engineer: Skills to learn: Deep learning frameworks (e.g., TensorFlow, PyTorch), neural networks, computer vision, natural language processing (NLP), programming languages (e.g., Python, R), and understanding of model optimization.

NLP Engineer/ Natural Language processing engineer: Skills to learn: Natural language processing (NLP) techniques, text mining, sentiment analysis, language modeling, programming languages (e.g., Python, R), and understanding of linguistic principles.

Artificial Intelligence Specialist/ AI Specialist/ AI Engineer: Skills to learn: Artificial Intelligence, Machine learning, deep learning, natural language processing (NLP), computer vision, neural networks, programming languages (e.g., Python, R), and understanding of AI ethics and regulations.
question: With proficiency in NLP techniques, Python, TensorFlow, PyTorch, and deep learning frameworks, what career should I pursue?
Answer the question based on the provided context","With proficiency in NLP techniques, Python, TensorFlow, PyTorch, and deep learning frameworks, pursuing a career as a Natural Language Processing (NLP) Engineer would be an ideal fit for you.",profession_for_skills
"context: Machine Learning Engineer/ ML Engineer: Skills to learn: Machine learning algorithms, deep learning, neural networks, programming languages (e.g., Python, R), data preprocessing, model deployment, and understanding of cloud platforms.

Big Data Engineer: Skills to learn: Proficiency in big data technologies (e.g., Hadoop, Spark, Kafka), data processing frameworks, distributed computing, data pipeline development, cloud platforms (e.g., AWS, Azure, GCP), and understanding of data governance and privacy regulations.

Data Scientist: Skills to learn: Machine learning, Data Science, statistical analysis, data mining, programming languages (e.g., Python, R), big data technologies, data visualization, and domain knowledge in the relevant industry.
question: I have worked with cloud computing platforms, GCP, Python, machine learning, and data analysis. What profession suits me?
Answer the question based on the provided context","Based on your experience with cloud computing platforms, Python, machine learning, and data analysis, a profession as a Machine Learning Engineer/ML Engineer would be a suitable fit.",profession_for_skills
"context: Database Administrator Salary/ Annual Income/ Compensation: CAD 65,000 - CAD 110,000

Data Analyst Salary/ Annual Income/ Compensation: CAD 55,000 - CAD 95,000

Data Scientist Salary/ Annual Income/ Compensation: CAD 80,000 - CAD 140,000
question: I'm curious about the salary range for a Database Administrator. Can you provide some information?
Answer the question based on the provided context","The salary range for a Database Administrator is CAD 65,000 to CAD 110,000 annually.",professions_salary
"context: Network Security Engineer Salary/ Annual Income/ Compensation: CAD 75,000 - CAD 130,000

IT Security Consultant Salary/ Annual Income/ Compensation: CAD 80,000 - CAD 135,000

Cyber Security Specialist Salary/ Annual Income/ Compensation: CAD 75,000 - CAD 130,000
question: Can you provide insight into the average salary for a Network Security Engineer in Canada?
Answer the question based on the provided context","The average salary for a Network Security Engineer in Canada typically ranges from CAD 75,000 to CAD 130,000 annually.",professions_salary
"context: Blockchain Developer: Blockchain developers design and implement decentralized applications (DApps) using blockchain technology. They are skilled in blockchain platforms and languages like Solidity for Ethereum. Blockchain developers work on developing smart contracts, implementing security measures, and ensuring the integrity and reliability of blockchain networks.

Network Security Engineer: Network security engineers are responsible for securing an organization's computer networks from cyber threats and attacks. They design and implement security measures, such as firewalls and intrusion detection systems, to protect network infrastructure and data. Network security engineers monitor network traffic, investigate security breaches, and develop strategies to mitigate risks and vulnerabilities.

Network Security Engineer: Skills to learn: Network protocols and architecture, firewall configuration and management, intrusion detection/prevention systems (IDS/IPS), VPN technologies, ethical hacking techniques, and familiarity with security standards and compliance (e.g., ISO 27001, NIST).
question: How does a network security engineer differ from a blockchain developer?
Answer the question based on the provided context","Network security engineers are responsible for securing an organization's computer networks from cyber threats and attacks. They design and implement security measures, such as firewalls and intrusion detection systems, to protect network infrastructure and data. Network security engineers monitor network traffic, investigate security breaches, and develop strategies to mitigate risks and vulnerabilities.  Blockchain developers design and implement decentralized applications (DApps) using blockchain technology. They are skilled in blockchain platforms and languages like Solidity for Ethereum. Blockchain developers work on developing smart contracts, implementing security measures, and ensuring the integrity and reliability of blockchain networks. ",professions_difference
"context: IT Security Consultant: IT security consultants advise organizations on how to protect their information and data from cyber threats. They assess security risks, develop security policies, and recommend and implement security solutions.

IT Project Manager: IT project managers plan, execute, and oversee IT projects, ensuring that they are completed within budget and on schedule. They coordinate resources, manage risks, and communicate with stakeholders throughout the project lifecycle.

IT Security Consultant: Skills to learn: Information security frameworks, risk management, threat modeling, security architecture, security assessment tools, and understanding of regulatory compliance.
question: What distinguishes an IT project manager from an IT security consultant?
Answer the question based on the provided context","IT project managers plan, execute, and oversee IT projects, ensuring that they are completed within budget and on schedule. They coordinate resources, manage risks, and communicate with stakeholders throughout the project lifecycle.  IT security consultants advise organizations on how to protect their information and data from cyber threats. They assess security risks, develop security policies, and recommend and implement security solutions.",professions_difference
"context: DevOps Engineer: Skills to learn: Continuous integration/continuous deployment (CI/CD), containerization (e.g., Docker, Kubernetes), infrastructure as code (IaC), scripting languages (e.g., Bash, Python), and cloud platforms.

MLOps Engineer: Skills to learn: Machine learning model deployment, version control, continuous integration/continuous deployment (CI/CD), containerization, cloud platforms, and understanding of machine learning lifecycle management.

Data Engineer: Skills to learn: SQL, Python, data warehousing, ETL (Extract, Transform, Load) tools, database design, cloud platforms (e.g., AWS, GCP), big data technologies (e.g., Hadoop, Spark), and data visualization.
question: With proficiency in Python, AWS, Docker, and Kubernetes, what career should I pursue?
Answer the question based on the provided context","Based on your proficiency in Python, AWS, Docker, and Kubernetes, a career path you should consider is that of a DevOps Engineer.",profession_for_skills
"context: DevOps Engineer: Skills to learn: Continuous integration/continuous deployment (CI/CD), containerization (e.g., Docker, Kubernetes), infrastructure as code (IaC), scripting languages (e.g., Bash, Python), and cloud platforms.

Data Engineer: Skills to learn: SQL, Python, data warehousing, ETL (Extract, Transform, Load) tools, database design, cloud platforms (e.g., AWS, GCP), big data technologies (e.g., Hadoop, Spark), and data visualization.

MLOps Engineer: Skills to learn: Machine learning model deployment, version control, continuous integration/continuous deployment (CI/CD), containerization, cloud platforms, and understanding of machine learning lifecycle management.
question: With expertise in AWS, Docker, Kubernetes, CI/CD, and Python, what career path should I consider?
Answer the question based on the provided context","Based on your expertise in AWS, Docker, Kubernetes, CI/CD, and Python, you should consider a career path as a DevOps Engineer.",profession_for_skills
"context: Game Developer Salary/ Annual Income/ Compensation: CAD 70,000 - CAD 120,000


Software Developer Salary/ Annual Income/ Compensation: CAD 65,000 - CAD 110,000

Mobile App Developer Salary/ Annual Income/ Compensation: CAD 70,000 - CAD 125,000
question: What's the salary range for a Game Developer in Canada?
Answer the question based on the provided context","The salary range for a Game Developer in Canada is typically between CAD 70,000 and CAD 120,000 annually.",professions_salary
"context: Blockchain Developer: Blockchain developers design and implement decentralized applications (DApps) using blockchain technology. They are skilled in blockchain platforms and languages like Solidity for Ethereum. Blockchain developers work on developing smart contracts, implementing security measures, and ensuring the integrity and reliability of blockchain networks.

Network Security Engineer: Network security engineers are responsible for securing an organization's computer networks from cyber threats and attacks. They design and implement security measures, such as firewalls and intrusion detection systems, to protect network infrastructure and data. Network security engineers monitor network traffic, investigate security breaches, and develop strategies to mitigate risks and vulnerabilities.

Network Security Engineer: Skills to learn: Network protocols and architecture, firewall configuration and management, intrusion detection/prevention systems (IDS/IPS), VPN technologies, ethical hacking techniques, and familiarity with security standards and compliance (e.g., ISO 27001, NIST).
question: What sets apart a blockchain developer from a network security engineer?
Answer the question based on the provided context","Blockchain developers design and implement decentralized applications (DApps) using blockchain technology. They are skilled in blockchain platforms and languages like Solidity for Ethereum. Blockchain developers work on developing smart contracts, implementing security measures, and ensuring the integrity and reliability of blockchain networks.  Network security engineers are responsible for securing an organization's computer networks from cyber threats and attacks. They design and implement security measures, such as firewalls and intrusion detection systems, to protect network infrastructure and data. Network security engineers monitor network traffic, investigate security breaches, and develop strategies to mitigate risks and vulnerabilities. ",professions_difference
"context: Blockchain Developer Salary/ Annual Income/ Compensation: CAD 80,000 - CAD 140,000

Web Developer Salary/ Annual Income/ Compensation: CAD 60,000 - CAD 105,000

Full Stack Developer Salary/ Annual Income/ Compensation: CAD 70,000 - CAD 120,000
question: Can you give me an idea of the salary range for a Lead Blockchain Developer?
Answer the question based on the provided context","A Lead Blockchain Developer generally earns between CAD 80,000 and CAD 140,000 per year.",professions_salary
"context: Data Analyst: Skills to learn: Data analysis, SQL, data visualization tools (e.g., Tableau, Power BI), statistical analysis, programming languages (e.g., Python, R), and understanding of data modeling and reporting.

Business Intelligence Analyst/ BI Analyst: Skills to learn: Data analysis and visualization tools, SQL and database querying, data modeling, business acumen, and the ability to translate data into actionable insights.

Data Analyst: Data analysts are tasked with interpreting and analyzing complex data sets to uncover insights that can inform business decisions. They use statistical methods and visualization techniques to present their findings in a clear and understandable manner, helping organizations understand trends, make strategic choices, and optimize performance.
question: What skills do data analysts need to learn in order to be effective in their role?
Answer the question based on the provided context","To be effective in their role, data analysts need to learn Data analysis, SQL, data visualization tools (e.g., Tableau, Power BI), statistical analysis, programming languages (e.g., Python, R), and understanding of data modeling and reporting.",skills_required_for_profession
"context: Machine Learning Engineer/ ML Engineer: Machine learning engineers develop and deploy machine learning models and systems that enable computers to perform tasks without explicit programming. They work on designing, implementing, and optimizing machine learning algorithms and models, often in collaboration with data scientists and software developers, to create intelligent solutions for various applications.

Machine Learning Engineer/ ML Engineer: Skills to learn: Machine learning algorithms, deep learning, neural networks, programming languages (e.g., Python, R), data preprocessing, model deployment, and understanding of cloud platforms.

Deep Learning Engineer
Deep learning engineers specialize in developing and implementing deep learning systems, which are a subset of machine learning algorithms that are particularly effective for complex data analysis. They work on creating neural networks that are capable of learning from large amounts of data and making predictions or decisions based on that data.
question: What tasks does a machine learning engineer typically undertake?
Answer the question based on the provided context","Machine learning engineers develop and deploy machine learning models and systems that enable computers to perform tasks without explicit programming. They work on designing, implementing, and optimizing machine learning algorithms and models, often in collaboration with data scientists and software developers, to create intelligent solutions for various applications.",profession_description
"context: Data Engineer: A data engineer designs, builds, and maintains the architecture that allows for the processing and storage of large datasets. They are responsible for developing and managing the infrastructure for data generation, collection, and storage, ensuring data availability and reliability for the organization's analytical and operational needs.

Data Engineer: Skills to learn: SQL, Python, data warehousing, ETL (Extract, Transform, Load) tools, database design, cloud platforms (e.g., AWS, GCP), big data technologies (e.g., Hadoop, Spark), and data visualization.

Data Scientist: Skills to learn: Machine learning, statistical analysis, data mining, programming languages (e.g., Python, R), big data technologies, data visualization, and domain knowledge in the relevant industry.
question: What are the main duties of a data engineer?
Answer the question based on the provided context","A data engineer designs, builds, and maintains the architecture that allows for the processing and storage of large datasets. They are responsible for developing and managing the infrastructure for data generation, collection, and storage, ensuring data availability and reliability for the organization's analytical and operational needs.",profession_description
"context: Network Security Engineer: Network security engineers are responsible for securing an organization's computer networks from cyber threats and attacks. They design and implement security measures, such as firewalls and intrusion detection systems, to protect network infrastructure and data. Network security engineers monitor network traffic, investigate security breaches, and develop strategies to mitigate risks and vulnerabilities.

Big Data Engineer: Big data engineers design and maintain the infrastructure for storing, processing, and analyzing large volumes of data. They are proficient in big data technologies like Hadoop, Spark, and NoSQL databases. Big data engineers develop data pipelines, optimize data workflows, and ensure data quality and reliability for data-driven decision-making.

Network Security Engineer: Skills to learn: Network protocols and architecture, firewall configuration and management, intrusion detection/prevention systems (IDS/IPS), VPN technologies, ethical hacking techniques, and familiarity with security standards and compliance (e.g., ISO 27001, NIST).
question: What sets apart a big data engineer from a network security engineer?
Answer the question based on the provided context","Big data engineers design and maintain the infrastructure for storing, processing, and analyzing large volumes of data. They are proficient in big data technologies like Hadoop, Spark, and NoSQL databases. Big data engineers develop data pipelines, optimize data workflows, and ensure data quality and reliability for data-driven decision-making.  Network security engineers are responsible for securing an organization's computer networks from cyber threats and attacks. They design and implement security measures, such as firewalls and intrusion detection systems, to protect network infrastructure and data. Network security engineers monitor network traffic, investigate security breaches, and develop strategies to mitigate risks and vulnerabilities. ",professions_difference
"context: DevOps Engineer: Skills to learn: Continuous integration/continuous deployment (CI/CD), containerization (e.g., Docker, Kubernetes), infrastructure as code (IaC), scripting languages (e.g., Bash, Python), and cloud platforms.

Data Engineer: Skills to learn: SQL, Python, data warehousing, ETL (Extract, Transform, Load) tools, database design, cloud platforms (e.g., AWS, GCP), big data technologies (e.g., Hadoop, Spark), and data visualization.

MLOps Engineer: Skills to learn: Machine learning model deployment, version control, continuous integration/continuous deployment (CI/CD), containerization, cloud platforms, and understanding of machine learning lifecycle management.
question: With expertise in AWS, Docker, Kubernetes, CI/CD, and Python, what career path should I consider?
Answer the question based on the provided context","With your expertise in AWS, Docker, Kubernetes, CI/CD, and Python, the career path that aligns well with your skills is DevOps Engineer.",profession_for_skills
"context: Systems Analyst: Systems analysts analyze an organization’s computer systems and design solutions to help improve efficiency and effectiveness. They work to understand the organization's needs and tailor information systems to meet those requirements.

Systems Analyst: Skills to learn: Requirement analysis, system design, data modeling, process modeling, knowledge of business analysis tools, understanding of software development lifecycle (SDLC), and communication and problem-solving skills.

Web Developer: Web developers design, build, and maintain websites. They work with clients and stakeholders to create visually appealing and functional web solutions using various programming languages and web development tools.
question: How does a systems analyst differ from a web developer?
Answer the question based on the provided context","Systems analysts analyze an organization’s computer systems and design solutions to help improve efficiency and effectiveness. They work to understand the organization's needs and tailor information systems to meet those requirements.  Web developers design, build, and maintain websites. They work with clients and stakeholders to create visually appealing and functional web solutions using various programming languages and web development tools.",professions_difference
"context: IT Project Manager: IT project managers plan, execute, and oversee IT projects, ensuring that they are completed within budget and on schedule. They coordinate resources, manage risks, and communicate with stakeholders throughout the project lifecycle.

IT Project Manager: Skills to learn: Project management methodologies (e.g., Agile, Waterfall), stakeholder management, risk assessment and management, budgeting, scheduling, resource allocation, and communication skills.

Web Developer: Web developers design, build, and maintain websites. They work with clients and stakeholders to create visually appealing and functional web solutions using various programming languages and web development tools.
question: How does an IT project manager differ from a web developer?
Answer the question based on the provided context","IT project managers plan, execute, and oversee IT projects, ensuring that they are completed within budget and on schedule. They coordinate resources, manage risks, and communicate with stakeholders throughout the project lifecycle.  Web developers design, build, and maintain websites. They work with clients and stakeholders to create visually appealing and functional web solutions using various programming languages and web development tools.",professions_difference
"context: Data Engineer: Skills to learn: SQL, Python, data warehousing, ETL (Extract, Transform, Load) tools, database design, cloud platforms (e.g., AWS, GCP), big data technologies (e.g., Hadoop, Spark), and data visualization.

Data Engineer: A data engineer designs, builds, and maintains the architecture that allows for the processing and storage of large datasets. They are responsible for developing and managing the infrastructure for data generation, collection, and storage, ensuring data availability and reliability for the organization's analytical and operational needs.

Data Scientist: Skills to learn: Machine learning, statistical analysis, data mining, programming languages (e.g., Python, R), big data technologies, data visualization, and domain knowledge in the relevant industry.
question: What courses or certifications should I pursue to become a Data Engineer?
Answer the question based on the provided context","To become a Data Engineer, consider courses or certifications in SQL, Python, data warehousing, ETL (Extract, Transform, Load) tools, database design, cloud platforms (e.g., AWS, GCP), big data technologies (e.g., Hadoop, Spark), and data visualization.",skills_required_for_profession
"context: Data Analyst: Skills to learn: Data analysis, SQL, data visualization tools (e.g., Tableau, Power BI), statistical analysis, programming languages (e.g., Python, R), and understanding of data modeling and reporting.

Data Scientist: Skills to learn: Machine learning, Data Science, statistical analysis, data mining, programming languages (e.g., Python, R), big data technologies, data visualization, and domain knowledge in the relevant industry.

Business Intelligence Analyst/ BI Analyst: Skills to learn: Data analysis and visualization tools, SQL and database querying, data modeling, business acumen, and the ability to translate data into actionable insights.
question: With expertise in data analysis, SQL, Power BI, and machine learning, what profession should I consider?
Answer the question based on the provided context","Based on your expertise in data analysis, SQL, Power BI, and machine learning, you should consider a profession as a Data Scientist.",profession_for_skills
"context: Game Developer: Game developers create interactive and immersive gaming experiences for various platforms, including consoles, PCs, and mobile devices. They are skilled in programming languages like C++, Unity, and Unreal Engine. Game developers design game mechanics, develop game logic, and optimize game performance to deliver engaging and enjoyable gaming experiences for players.


Data Scientist: Data scientists utilize advanced analytical and programming skills to explore, interpret, and extract valuable insights from large, complex datasets. They apply statistical models, machine learning algorithms, and predictive analytics to solve business problems, identify opportunities, and support data-driven decision-making.

Data Scientist: Skills to learn: Machine learning, Data Science, statistical analysis, data mining, programming languages (e.g., Python, R), big data technologies, data visualization, and domain knowledge in the relevant industry.
question: How does a data scientist differ from a game developer?
Answer the question based on the provided context","Data scientists utilize advanced analytical and programming skills to explore, interpret, and extract valuable insights from large, complex datasets. They apply statistical models, machine learning algorithms, and predictive analytics to solve business problems, identify opportunities, and support data-driven decision-making.  Game developers create interactive and immersive gaming experiences for various platforms, including consoles, PCs, and mobile devices. They are skilled in programming languages like C++, Unity, and Unreal Engine. Game developers design game mechanics, develop game logic, and optimize game performance to deliver engaging and enjoyable gaming experiences for players. ",professions_difference
"context: Network Administrator: Network administrators manage and maintain an organization's computer networks. They ensure network functionality, performance, and security, and address any issues that may arise.

Cyber Security Specialist: Cyber security specialists focus on safeguarding computer systems and networks from security threats. They implement security measures, conduct risk assessments, and respond to security incidents to protect organizations' digital assets.

Network Administrator: Skills to learn: Network configuration, troubleshooting, security protocols (e.g., SSL, VPN), network monitoring tools, understanding of TCP/IP, DNS, DHCP, routing, and familiarity with network hardware and software.
question: How does a cyber security specialist differ from a network administrator?
Answer the question based on the provided context","Cyber security specialists focus on safeguarding computer systems and networks from security threats. They implement security measures, conduct risk assessments, and respond to security incidents to protect organizations' digital assets.  Network administrators manage and maintain an organization's computer networks. They ensure network functionality, performance, and security, and address any issues that may arise. ",professions_difference
"context: Big Data Engineer: Big data engineers design and maintain the infrastructure for storing, processing, and analyzing large volumes of data. They are proficient in big data technologies like Hadoop, Spark, and NoSQL databases. Big data engineers develop data pipelines, optimize data workflows, and ensure data quality and reliability for data-driven decision-making.

Big Data Engineer: Skills to learn: Proficiency in big data technologies (e.g., Hadoop, Spark, Kafka), data processing frameworks, distributed computing, data pipeline development, cloud platforms (e.g., AWS, Azure, GCP), and understanding of data governance and privacy regulations.

Game Developer: Game developers create interactive and immersive gaming experiences for various platforms, including consoles, PCs, and mobile devices. They are skilled in programming languages like C++, Unity, and Unreal Engine. Game developers design game mechanics, develop game logic, and optimize game performance to deliver engaging and enjoyable gaming experiences for players.

question: What distinguishes a big data engineer from a game developer?
Answer the question based on the provided context","Big data engineers design and maintain the infrastructure for storing, processing, and analyzing large volumes of data. They are proficient in big data technologies like Hadoop, Spark, and NoSQL databases. Big data engineers develop data pipelines, optimize data workflows, and ensure data quality and reliability for data-driven decision-making.  Game developers create interactive and immersive gaming experiences for various platforms, including consoles, PCs, and mobile devices. They are skilled in programming languages like C++, Unity, and Unreal Engine. Game developers design game mechanics, develop game logic, and optimize game performance to deliver engaging and enjoyable gaming experiences for players. ",professions_difference
"context: Game Developer Salary/ Annual Income/ Compensation: CAD 70,000 - CAD 120,000


Mobile App Developer Salary/ Annual Income/ Compensation: CAD 70,000 - CAD 125,000

Software Developer Salary/ Annual Income/ Compensation: CAD 65,000 - CAD 110,000
question: Can you provide insight into the salary range for a Principal Game Developer?
Answer the question based on the provided context","The salary range for a Principal Game Developer is typically between CAD 70,000 and CAD 120,000 per year.",professions_salary
"context: IT Support Specialist Salary/ Annual Income/ Compensation: CAD 50,000 - CAD 85,000

IT Support Specialist: IT support specialists provide technical assistance and troubleshooting for end users' hardware and software issues. They address IT-related inquiries, diagnose problems, and implement solutions to maintain operational efficiency.

IT Support Specialist: Skills to learn: Technical troubleshooting, knowledge of operating systems (e.g., Windows, Linux), hardware diagnostics, customer service, remote support tools, and familiarity with IT service management (ITSM) processes.
question: How much does a Senior IT Support Specialist usually earn?
Answer the question based on the provided context","The salary range for a Senior IT Support Specialist typically falls between CAD 50,000 and CAD 85,000 annually.",professions_salary
"context: DevOps Engineer: Skills to learn: Continuous integration/continuous deployment (CI/CD), containerization (e.g., Docker, Kubernetes), infrastructure as code (IaC), scripting languages (e.g., Bash, Python), and cloud platforms.

Full Stack Developer: Skills to learn: Proficiency in front-end technologies (e.g., HTML, CSS, JavaScript), back-end frameworks (e.g., Node.js, Django, Ruby on Rails), databases (e.g., MySQL, MongoDB), version control (e.g., Git), and familiarity with web development tools and libraries (e.g., React, Angular, Vue.js).

MLOps Engineer: Skills to learn: Machine learning model deployment, version control, continuous integration/continuous deployment (CI/CD), containerization, cloud platforms, and understanding of machine learning lifecycle management.
question: With expertise in Docker, Kubernetes, Python, CI/CD, and Linux, what profession should I consider?
Answer the question based on the provided context","With your expertise in Docker, Kubernetes, Python, CI/CD, and Linux, pursuing a career as a DevOps Engineer would align well with your skills and experience.",profession_for_skills
"context: Blockchain Developer: Blockchain developers design and implement decentralized applications (DApps) using blockchain technology. They are skilled in blockchain platforms and languages like Solidity for Ethereum. Blockchain developers work on developing smart contracts, implementing security measures, and ensuring the integrity and reliability of blockchain networks.

Data Engineer: A data engineer designs, builds, and maintains the architecture that allows for the processing and storage of large datasets. They are responsible for developing and managing the infrastructure for data generation, collection, and storage, ensuring data availability and reliability for the organization's analytical and operational needs.

Blockchain Developer: Skills to learn: Understanding of blockchain technology, proficiency in blockchain platforms (e.g., Ethereum, Hyperledger), smart contract development (e.g., Solidity), cryptography, decentralized application (DApp) development, and knowledge of blockchain consensus mechanisms.
question: How does a data engineer differ from a blockchain developer?
Answer the question based on the provided context","A data engineer designs, builds, and maintains the architecture that allows for the processing and storage of large datasets. They are responsible for developing and managing the infrastructure for data generation, collection, and storage, ensuring data availability and reliability for the organization's analytical and operational needs.  Blockchain developers design and implement decentralized applications (DApps) using blockchain technology. They are skilled in blockchain platforms and languages like Solidity for Ethereum. Blockchain developers work on developing smart contracts, implementing security measures, and ensuring the integrity and reliability of blockchain networks. ",professions_difference
"context: Network Security Engineer: Skills to learn: Network protocols and architecture, firewall configuration and management, intrusion detection/prevention systems (IDS/IPS), VPN technologies, ethical hacking techniques, and familiarity with security standards and compliance (e.g., ISO 27001, NIST).

Network Administrator: Skills to learn: Network configuration, troubleshooting, security protocols (e.g., SSL, VPN), network monitoring tools, understanding of TCP/IP, DNS, DHCP, routing, and familiarity with network hardware and software.

IT Security Consultant: Skills to learn: Information security frameworks, risk management, threat modeling, security architecture, security assessment tools, and understanding of regulatory compliance.
question: My strengths lie in network security, VPN, SSL, and DNS. What career path would be most suitable for me?
Answer the question based on the provided context","With strengths in network security, VPN, SSL, and DNS, a career path most suitable for you would be Network Security Engineer.",profession_for_skills
"context: Big Data Engineer: Big data engineers design and maintain the infrastructure for storing, processing, and analyzing large volumes of data. They are proficient in big data technologies like Hadoop, Spark, and NoSQL databases. Big data engineers develop data pipelines, optimize data workflows, and ensure data quality and reliability for data-driven decision-making.

Data Engineer: A data engineer designs, builds, and maintains the architecture that allows for the processing and storage of large datasets. They are responsible for developing and managing the infrastructure for data generation, collection, and storage, ensuring data availability and reliability for the organization's analytical and operational needs.

Big Data Engineer: Skills to learn: Proficiency in big data technologies (e.g., Hadoop, Spark, Kafka), data processing frameworks, distributed computing, data pipeline development, cloud platforms (e.g., AWS, Azure, GCP), and understanding of data governance and privacy regulations.
question: Could you describe the duties and tasks typically performed by a Big Data Engineer?
Answer the question based on the provided context","Big data engineers design and maintain the infrastructure for storing, processing, and analyzing large volumes of data. They are proficient in big data technologies like Hadoop, Spark, and NoSQL databases. Big data engineers develop data pipelines, optimize data workflows, and ensure data quality and reliability for data-driven decision-making.",profession_description
"context: Machine Learning Engineer/ ML Engineer: Skills to learn: Machine learning algorithms, deep learning, neural networks, programming languages (e.g., Python, R), data preprocessing, model deployment, and understanding of cloud platforms.

Big Data Engineer: Skills to learn: Proficiency in big data technologies (e.g., Hadoop, Spark, Kafka), data processing frameworks, distributed computing, data pipeline development, cloud platforms (e.g., AWS, Azure, GCP), and understanding of data governance and privacy regulations.

Data Scientist: Skills to learn: Machine learning, Data Science, statistical analysis, data mining, programming languages (e.g., Python, R), big data technologies, data visualization, and domain knowledge in the relevant industry.
question: I have experience in cloud computing platforms, GCP, Python, data analysis, and machine learning. What profession aligns with my expertise?
Answer the question based on the provided context","With your experience in cloud computing platforms, GCP, Python, data analysis, and machine learning, pursuing a career as a Machine Learning Engineer would be well-suited to your expertise.",profession_for_skills
"context: Computer Vision Engineer/ CV Engineer/ Vision Engineer: Skills to learn: Computer vision algorithms, image processing, deep learning frameworks (e.g., TensorFlow, PyTorch), programming languages (e.g., Python, C++), and understanding of image recognition technologies.

Deep Learning Engineer: Skills to learn: Deep learning frameworks (e.g., TensorFlow, PyTorch), neural networks, computer vision, natural language processing (NLP), programming languages (e.g., Python, R), and understanding of model optimization.

Artificial Intelligence Specialist/ AI Specialist/ AI Engineer: Skills to learn: Artificial Intelligence, Machine learning, deep learning, natural language processing (NLP), computer vision, neural networks, programming languages (e.g., Python, R), and understanding of AI ethics and regulations.
question: My skills include deep learning frameworks, TensorFlow, PyTorch, computer vision algorithms, and Python. What career path should I consider?
Answer the question based on the provided context","Based on your skills in deep learning frameworks like TensorFlow and PyTorch, computer vision algorithms, and Python, a career path as a Computer Vision Engineer would be most suitable for you.",profession_for_skills
"context: Full Stack Developer: Skills to learn: Proficiency in front-end technologies (e.g., HTML, CSS, JavaScript), back-end frameworks (e.g., Node.js, Django, Ruby on Rails), databases (e.g., MySQL, MongoDB), version control (e.g., Git), and familiarity with web development tools and libraries (e.g., React, Angular, Vue.js).

Web Developer: Skills to learn: Proficiency in HTML, CSS, JavaScript, web development frameworks (e.g., React, Angular), responsive design, web performance optimization, and understanding of web development best practices.

Web Developer: Web developers design, build, and maintain websites. They work with clients and stakeholders to create visually appealing and functional web solutions using various programming languages and web development tools.
question: My strengths lie in Agile, React, JavaScript, CSS, and HTML. What career path would be most suitable for me?
Answer the question based on the provided context","With your skills in Agile, React, JavaScript, CSS, and HTML, pursuing a career as a Full Stack Developer would be most suitable for you.",profession_for_skills
"context: Machine Learning Engineer/ ML Engineer: Skills to learn: Machine learning algorithms, deep learning, neural networks, programming languages (e.g., Python, R), data preprocessing, model deployment, and understanding of cloud platforms.

Machine Learning Engineer/ ML Engineer: Machine learning engineers develop and deploy machine learning models and systems that enable computers to perform tasks without explicit programming. They work on designing, implementing, and optimizing machine learning algorithms and models, often in collaboration with data scientists and software developers, to create intelligent solutions for various applications.

Artificial Intelligence Specialist/ AI Specialist/ AI Engineer: Skills to learn: Machine learning, deep learning, natural language processing (NLP), computer vision, neural networks, programming languages (e.g., Python, R), and understanding of AI ethics and regulations.
question: What areas of specialization should I focus on to become a successful Machine Learning Engineer?
Answer the question based on the provided context","To become a successful Machine Learning Engineer, focus on Machine learning algorithms, deep learning, neural networks, programming languages (e.g., Python, R), data preprocessing, model deployment, and understanding of cloud platforms.",skills_required_for_profession
"context: Data Engineer: A data engineer designs, builds, and maintains the architecture that allows for the processing and storage of large datasets. They are responsible for developing and managing the infrastructure for data generation, collection, and storage, ensuring data availability and reliability for the organization's analytical and operational needs.

Data Architect: Data architects design and create the blueprint for managing and integrating an organization's data assets. They develop the structure and architecture for databases, data warehouses, and data lakes, ensuring that data is organized, accessible, and aligned with business requirements and industry best practices.

Data Architect: Skills to learn: Data modeling, database design, ETL (Extract, Transform, Load) processes, understanding of cloud platforms, big data technologies, and data governance.
question: What is the difference between a data architect and a data engineer?
Answer the question based on the provided context","Data architects design and create the blueprint for managing and integrating an organization's data assets. They develop the structure and architecture for databases, data warehouses, and data lakes, ensuring that data is organized, accessible, and aligned with business requirements and industry best practices.  A data engineer designs, builds, and maintains the architecture that allows for the processing and storage of large datasets. They are responsible for developing and managing the infrastructure for data generation, collection, and storage, ensuring data availability and reliability for the organization's analytical and operational needs. ",professions_difference
"context: DevOps Engineer: Skills to learn: Continuous integration/continuous deployment (CI/CD), containerization (e.g., Docker, Kubernetes), infrastructure as code (IaC), scripting languages (e.g., Bash, Python), and cloud platforms.

Data Engineer: Skills to learn: SQL, Python, data warehousing, ETL (Extract, Transform, Load) tools, database design, cloud platforms (e.g., AWS, GCP), big data technologies (e.g., Hadoop, Spark), and data visualization.

MLOps Engineer: Skills to learn: Machine learning model deployment, version control, continuous integration/continuous deployment (CI/CD), containerization, cloud platforms, and understanding of machine learning lifecycle management.
question: My skills include AWS, Python, Docker, Kubernetes, and CI/CD. What career path should I consider?
Answer the question based on the provided context","With your skills in AWS, Python, Docker, Kubernetes, and CI/CD, a career path as a DevOps Engineer would be most suitable for you.",profession_for_skills
"context: Network Administrator: Network administrators manage and maintain an organization's computer networks. They ensure network functionality, performance, and security, and address any issues that may arise.

Network Administrator: Skills to learn: Network configuration, troubleshooting, security protocols (e.g., SSL, VPN), network monitoring tools, understanding of TCP/IP, DNS, DHCP, routing, and familiarity with network hardware and software.

Web Developer: Web developers design, build, and maintain websites. They work with clients and stakeholders to create visually appealing and functional web solutions using various programming languages and web development tools.
question: What are the primary differences between a web developer and a network administrator?
Answer the question based on the provided context","Web developers design, build, and maintain websites. They work with clients and stakeholders to create visually appealing and functional web solutions using various programming languages and web development tools.  Network administrators manage and maintain an organization's computer networks. They ensure network functionality, performance, and security, and address any issues that may arise.",professions_difference
"context: IT Project Manager Salary/ Annual Income/ Compensation: CAD 85,000 - CAD 145,000

IT Security Consultant Salary/ Annual Income/ Compensation: CAD 80,000 - CAD 135,000

IT Support Specialist Salary/ Annual Income/ Compensation: CAD 50,000 - CAD 85,000
question: What's the salary range for an IT Project Manager?
Answer the question based on the provided context","The salary range for an IT Project Manager in Canada typically falls between CAD 85,000 and CAD 145,000 annually.",professions_salary
"context: Scripting languages: Scripting languages are programming languages that are used to write scripts, which are sequences of commands that can be executed without the need for compilation. Examples include Python, JavaScript, and Bash.

DevOps Engineer: Skills to learn: Continuous integration/continuous deployment (CI/CD), containerization (e.g., Docker, Kubernetes), infrastructure as code (IaC), scripting languages (e.g., Bash, Python), and cloud platforms.

DevOps Engineer
DevOps engineers are responsible for bridging the gap between development and operations teams, advocating for automation and monitoring at all stages of software construction. They oversee code releases, implement continuous integration and deployment, and ensure that the infrastructure needed to support software code is operating efficiently.
question: What scripting languages are commonly used by DevOps engineers?
Answer the question based on the provided context",Commonly used scripting languages by DevOps engineers include Bash and Python.,skills_required_for_profession
"context: NLP Engineer/ Natural Language processing engineer
NLP engineers focus on developing and implementing natural language processing (NLP) systems and applications. They work on creating algorithms and models that enable computers to understand, interpret, and generate human language in a valuable way.

Deep Learning Engineer: Skills to learn: Deep learning frameworks (e.g., TensorFlow, PyTorch), neural networks, computer vision, natural language processing (NLP), programming languages (e.g., Python, R), and understanding of model optimization.

Deep Learning Engineer
Deep learning engineers specialize in developing and implementing deep learning systems, which are a subset of machine learning algorithms that are particularly effective for complex data analysis. They work on creating neural networks that are capable of learning from large amounts of data and making predictions or decisions based on that data.
question: What distinguishes a natural language processing engineer from a deep learning engineer?
Answer the question based on the provided context","NLP engineers focus on developing and implementing natural language processing (NLP) systems and applications. They work on creating algorithms and models that enable computers to understand, interpret, and generate human language in a valuable way.  Deep learning engineers specialize in developing and implementing deep learning systems, which are a subset of machine learning algorithms that are particularly effective for complex data analysis. They work on creating neural networks that are capable of learning from large amounts of data and making predictions or decisions based on that data.",professions_difference
"context: Data Engineer: Skills to learn: SQL, Python, data warehousing, ETL (Extract, Transform, Load) tools, database design, cloud platforms (e.g., AWS, GCP), big data technologies (e.g., Hadoop, Spark), and data visualization.

Data Engineer: A data engineer designs, builds, and maintains the architecture that allows for the processing and storage of large datasets. They are responsible for developing and managing the infrastructure for data generation, collection, and storage, ensuring data availability and reliability for the organization's analytical and operational needs.

Data Scientist: Skills to learn: Machine learning, statistical analysis, data mining, programming languages (e.g., Python, R), big data technologies, data visualization, and domain knowledge in the relevant industry.
question: What should I learn to become a Data Engineer?
Answer the question based on the provided context","To become a Data Engineer, focus on learning SQL, Python, data warehousing, ETL tools, database design, cloud platforms like AWS and GCP, big data technologies such as Hadoop and Spark, and data visualization. ",skills_required_for_profession
"context: Deep Learning Engineer
Deep learning engineers specialize in developing and implementing deep learning systems, which are a subset of machine learning algorithms that are particularly effective for complex data analysis. They work on creating neural networks that are capable of learning from large amounts of data and making predictions or decisions based on that data.

Artificial Intelligence Specialist/ AI Specialist/ AI Engineer: Skills to learn: Artificial Intelligence, Machine learning, deep learning, natural language processing (NLP), computer vision, neural networks, programming languages (e.g., Python, R), and understanding of AI ethics and regulations.

Artificial Intelligence Specialist: Artificial intelligence specialists focus on developing and implementing AI solutions, including natural language processing, computer vision, and machine learning applications. They work on creating intelligent systems that can learn, adapt, and perform tasks traditionally requiring human intelligence, driving innovation and efficiency across various industries.
question: How does an artificial intelligence specialist differ from a deep learning engineer?
Answer the question based on the provided context","Artificial intelligence specialists focus on developing and implementing AI solutions, including natural language processing, computer vision, and machine learning applications. They work on creating intelligent systems that can learn, adapt, and perform tasks traditionally requiring human intelligence, driving innovation and efficiency across various industries. .  Deep learning engineers specialize in developing and implementing deep learning systems, which are a subset of machine learning algorithms that are particularly effective for complex data analysis. They work on creating neural networks that are capable of learning from large amounts of data and making predictions or decisions based on that data.",professions_difference
"context: Mobile App Developer: Mobile app developers specialize in creating applications for mobile devices such as smartphones and tablets. They are proficient in mobile programming languages and frameworks, such as Swift for iOS and Java/Kotlin for Android. Mobile app developers design, develop, and test applications, ensuring compatibility across different devices and platforms.

Mobile App Developer: Skills to learn: Proficiency in mobile programming languages (e.g., Swift for iOS, Java/Kotlin for Android), mobile app frameworks (e.g., React Native, Flutter), UI/UX design principles for mobile, version control, and familiarity with app deployment processes (e.g., App Store, Google Play).

Software Developer: Software developers are proficient in programming languages and are responsible for designing, creating, and maintaining software applications. They work in collaboration with teams to develop user-friendly and efficient software solutions.
question: Could you describe the role of a Mobile App Developer in detail?
Answer the question based on the provided context","Mobile app developers specialize in creating applications for mobile devices such as smartphones and tablets. They are proficient in mobile programming languages and frameworks, such as Swift for iOS and Java/Kotlin for Android. Mobile app developers design, develop, and test applications, ensuring compatibility across different devices and platforms.",profession_description
"context: Database Administrator: Database administrators are responsible for managing, securing, and optimizing an organization’s databases. They oversee data storage, retrieval, and security, and troubleshoot any database-related issues.

Big Data Engineer: Big data engineers design and maintain the infrastructure for storing, processing, and analyzing large volumes of data. They are proficient in big data technologies like Hadoop, Spark, and NoSQL databases. Big data engineers develop data pipelines, optimize data workflows, and ensure data quality and reliability for data-driven decision-making.

Database Administrator/DB Administrator: Skills to learn: Database management systems (e.g., SQL Server, Oracle, MySQL), data security, backup and recovery, database performance tuning, and query optimization.
question: How does a database administrator differ from a big data engineer?
Answer the question based on the provided context","Database administrators are responsible for managing, securing, and optimizing an organization’s databases. They oversee data storage, retrieval, and security, and troubleshoot any database-related issues.  Big data engineers design and maintain the infrastructure for storing, processing, and analyzing large volumes of data. They are proficient in big data technologies like Hadoop, Spark, and NoSQL databases. Big data engineers develop data pipelines, optimize data workflows, and ensure data quality and reliability for data-driven decision-making. ",professions_difference
"context: Machine Learning Engineer/ ML Engineer: Machine learning engineers develop and deploy machine learning models and systems that enable computers to perform tasks without explicit programming. They work on designing, implementing, and optimizing machine learning algorithms and models, often in collaboration with data scientists and software developers, to create intelligent solutions for various applications.

Artificial Intelligence Specialist: Artificial intelligence specialists focus on developing and implementing AI solutions, including natural language processing, computer vision, and machine learning applications. They work on creating intelligent systems that can learn, adapt, and perform tasks traditionally requiring human intelligence, driving innovation and efficiency across various industries.

Machine learning: Machine learning involves the use of algorithms and statistical models to enable computer systems to learn from and make predictions or decisions based on data. It encompasses various techniques, including supervised learning, unsupervised learning, and reinforcement learning.
question: In what ways does a machine learning engineer support the implementation of AI solutions?
Answer the question based on the provided context","Machine learning engineers develop and deploy machine learning models and systems that enable computers to perform tasks without explicit programming. They work on designing, implementing, and optimizing machine learning algorithms and models, often in collaboration with data scientists and software developers, to create intelligent solutions for various applications.",profession_description
"context: Computer Vision Engineer/ CV Engineer Salary/ Annual Income/ Compensation: CAD 90,000 - CAD 155,000

Machine Learning Engineer/ ML Engineer- Salary/ Annual Income/ Compensation: CAD 85,000 - CAD 150,000

Deep Learning Engineer Salary/ Annual Income/ Compensation: CAD 90,000 - CAD 155,000
question: Can you provide insight into the salary range for a Principal Computer Vision Engineer?
Answer the question based on the provided context","A Principal Computer Vision Engineer typically earns between CAD 90,000 and CAD 155,000 per year.",professions_salary
"context: MLOps Engineer: Skills to learn: Machine learning model deployment, version control, continuous integration/continuous deployment (CI/CD), containerization, cloud platforms, and understanding of machine learning lifecycle management.

MLOps Engineer
MLOps engineers focus on the deployment, monitoring, and management of machine learning models in production. They work to streamline the process of taking machine learning models from development to deployment, ensuring that models are scalable, reliable, and maintainable in real-world applications.

DevOps Engineer
DevOps engineers are responsible for bridging the gap between development and operations teams, advocating for automation and monitoring at all stages of software construction. They oversee code releases, implement continuous integration and deployment, and ensure that the infrastructure needed to support software code is operating efficiently.
question: What are the main duties of an MLOps engineer?
Answer the question based on the provided context","MLOps engineers focus on the deployment, monitoring, and management of machine learning models in production. They work to streamline the process of taking machine learning models from development to deployment, ensuring that models are scalable, reliable, and maintainable in real-world applications.",profession_description
"context: NLP Engineer/ Natural Language processing engineer
NLP engineers focus on developing and implementing natural language processing (NLP) systems and applications. They work on creating algorithms and models that enable computers to understand, interpret, and generate human language in a valuable way.

NLP Engineer/ Natural Language processing engineer: Skills to learn: Natural language processing (NLP) techniques, text mining, sentiment analysis, language modeling, programming languages (e.g., Python, R), and understanding of linguistic principles.

Natural language processing (NLP) techniques: Natural language processing (NLP) techniques involve the use of computational methods to analyze, understand, and generate human language. These techniques include tasks such as text classification, sentiment analysis, named entity recognition, and language modeling.
question: What are the main duties of an NLP engineer?
Answer the question based on the provided context","NLP engineers focus on developing and implementing natural language processing (NLP) systems and applications. They work on creating algorithms and models that enable computers to understand, interpret, and generate human language in a valuable way.",profession_description
"context: DevOps Engineer: Skills to learn: Continuous integration/continuous deployment (CI/CD), containerization (e.g., Docker, Kubernetes), infrastructure as code (IaC), scripting languages (e.g., Bash, Python), and cloud platforms.

Full Stack Developer: Skills to learn: Proficiency in front-end technologies (e.g., HTML, CSS, JavaScript), back-end frameworks (e.g., Node.js, Django, Ruby on Rails), databases (e.g., MySQL, MongoDB), version control (e.g., Git), and familiarity with web development tools and libraries (e.g., React, Angular, Vue.js).

Artificial Intelligence Specialist/ AI Specialist/ AI Engineer: Skills to learn: Artificial Intelligence, Machine learning, deep learning, natural language processing (NLP), computer vision, neural networks, programming languages (e.g., Python, R), and understanding of AI ethics and regulations.
question: I am proficient in Python, AWS, Docker, Kubernetes, and CI/CD. What profession aligns with my expertise?
Answer the question based on the provided context","Based on your proficiency in Python, AWS, Docker, Kubernetes, and CI/CD, the profession that aligns with your expertise is likely a DevOps Engineer.",profession_for_skills
"context: Network Security Engineer: Skills to learn: Network protocols and architecture, firewall configuration and management, intrusion detection/prevention systems (IDS/IPS), VPN technologies, ethical hacking techniques, and familiarity with security standards and compliance (e.g., ISO 27001, NIST).

Network Administrator: Skills to learn: Network configuration, troubleshooting, security protocols (e.g., SSL, VPN), network monitoring tools, understanding of TCP/IP, DNS, DHCP, routing, and familiarity with network hardware and software.

Cyber Security Specialist: Skills to learn: Network security, intrusion detection systems (IDS), intrusion prevention systems (IPS), security information and event management (SIEM) products, knowledge of wired and wireless networks, and understanding of security across various platforms.
question: My strengths lie in network security, VPN, SSL, DNS, and DHCP. What career path would be most suitable for me?
Answer the question based on the provided context","With your strengths in network security, VPN, SSL, DNS, and DHCP, the most suitable career path for you would likely be Network Security Engineer.",profession_for_skills
"context: DevOps Engineer: Skills to learn: Continuous integration/continuous deployment (CI/CD), containerization (e.g., Docker, Kubernetes), infrastructure as code (IaC), scripting languages (e.g., Bash, Python), and cloud platforms.

MLOps Engineer: Skills to learn: Machine learning model deployment, version control, continuous integration/continuous deployment (CI/CD), containerization, cloud platforms, and understanding of machine learning lifecycle management.

Cloud Architect: Skills to learn: Cloud computing platforms (e.g., AWS, Azure, Google Cloud), infrastructure as code (IaC), security and compliance, networking concepts, and knowledge of cloud migration strategies.
question: With expertise in AWS, Docker, Kubernetes, and CI/CD, what career path should I consider?
Answer the question based on the provided context","Based on your expertise in AWS, Docker, Kubernetes, and CI/CD, a career path you should consider is Cloud Architect.",profession_for_skills
"context: Data Engineer: A data engineer designs, builds, and maintains the architecture that allows for the processing and storage of large datasets. They are responsible for developing and managing the infrastructure for data generation, collection, and storage, ensuring data availability and reliability for the organization's analytical and operational needs.

Data Engineer: Skills to learn: SQL, Python, data warehousing, ETL (Extract, Transform, Load) tools, database design, cloud platforms (e.g., AWS, GCP), big data technologies (e.g., Hadoop, Spark), and data visualization.

Data Scientist: Data scientists utilize advanced analytical and programming skills to explore, interpret, and extract valuable insights from large, complex datasets. They apply statistical models, machine learning algorithms, and predictive analytics to solve business problems, identify opportunities, and support data-driven decision-making.
question: What does a data engineer do on a daily basis?
Answer the question based on the provided context","A data engineer designs, builds, and maintains the architecture that allows for the processing and storage of large datasets. They are responsible for developing and managing the infrastructure for data generation, collection, and storage, ensuring data availability and reliability for the organization's analytical and operational needs.",profession_description
"context: Data Scientist: Skills to learn: Machine learning, statistical analysis, data mining, programming languages (e.g., Python, R), big data technologies, data visualization, and domain knowledge in the relevant industry.

Data Scientist: Data scientists utilize advanced analytical and programming skills to explore, interpret, and extract valuable insights from large, complex datasets. They apply statistical models, machine learning algorithms, and predictive analytics to solve business problems, identify opportunities, and support data-driven decision-making.

Data Engineer: A data engineer designs, builds, and maintains the architecture that allows for the processing and storage of large datasets. They are responsible for developing and managing the infrastructure for data generation, collection, and storage, ensuring data availability and reliability for the organization's analytical and operational needs.
question: What are the main duties of a data scientist?
Answer the question based on the provided context","Data scientists utilize advanced analytical and programming skills to explore, interpret, and extract valuable insights from large, complex datasets. They apply statistical models, machine learning algorithms, and predictive analytics to solve business problems, identify opportunities, and support data-driven decision-making.",profession_description
"context: Data Scientist: Data scientists utilize advanced analytical and programming skills to explore, interpret, and extract valuable insights from large, complex datasets. They apply statistical models, machine learning algorithms, and predictive analytics to solve business problems, identify opportunities, and support data-driven decision-making.

Data Scientist: Skills to learn: Machine learning, statistical analysis, data mining, programming languages (e.g., Python, R), big data technologies, data visualization, and domain knowledge in the relevant industry.

Data Analyst: Skills to learn: Data analysis, SQL, data visualization tools (e.g., Tableau, Power BI), statistical analysis, programming languages (e.g., Python, R), and understanding of data modeling and reporting.
question: What tasks does a data scientist typically undertake?
Answer the question based on the provided context","Data scientists utilize advanced analytical and programming skills to explore, interpret, and extract valuable insights from large, complex datasets. They apply statistical models, machine learning algorithms, and predictive analytics to solve business problems, identify opportunities, and support data-driven decision-making.",profession_description
"context: Big Data Engineer: Skills to learn: Proficiency in big data technologies (e.g., Hadoop, Spark, Kafka), data processing frameworks, distributed computing, data pipeline development, cloud platforms (e.g., AWS, Azure, GCP), and understanding of data governance and privacy regulations.

Data Scientist: Skills to learn: Machine learning, Data Science, statistical analysis, data mining, programming languages (e.g., Python, R), big data technologies, data visualization, and domain knowledge in the relevant industry.

Data Engineer: Skills to learn: SQL, Python, data warehousing, ETL (Extract, Transform, Load) tools, database design, cloud platforms (e.g., AWS, GCP), big data technologies (e.g., Hadoop, Spark), and data visualization.
question: I am knowledgeable in cloud computing platforms, Azure, Python, and data analysis. What profession suits me?
Answer the question based on the provided context","With your knowledge in cloud computing platforms, Azure, Python, and data analysis, pursuing a career as a Data Engineer would be a suitable choice.",profession_for_skills
"context: Network Security Engineer: Network security engineers are responsible for securing an organization's computer networks from cyber threats and attacks. They design and implement security measures, such as firewalls and intrusion detection systems, to protect network infrastructure and data. Network security engineers monitor network traffic, investigate security breaches, and develop strategies to mitigate risks and vulnerabilities.

Network Security Engineer: Skills to learn: Network protocols and architecture, firewall configuration and management, intrusion detection/prevention systems (IDS/IPS), VPN technologies, ethical hacking techniques, and familiarity with security standards and compliance (e.g., ISO 27001, NIST).

Network Administrator: Skills to learn: Network configuration, troubleshooting, security protocols (e.g., SSL, VPN), network monitoring tools, understanding of TCP/IP, DNS, DHCP, routing, and familiarity with network hardware and software.
question: What specific tasks does a Network Security Engineer handle in their role?
Answer the question based on the provided context","Network security engineers are responsible for securing an organization's computer networks from cyber threats and attacks. They design and implement security measures, such as firewalls and intrusion detection systems, to protect network infrastructure and data. Network security engineers monitor network traffic, investigate security breaches, and develop strategies to mitigate risks and vulnerabilities.",profession_description
"context: Database Administrator: Database administrators are responsible for managing, securing, and optimizing an organization’s databases. They oversee data storage, retrieval, and security, and troubleshoot any database-related issues.

Big Data Engineer: Big data engineers design and maintain the infrastructure for storing, processing, and analyzing large volumes of data. They are proficient in big data technologies like Hadoop, Spark, and NoSQL databases. Big data engineers develop data pipelines, optimize data workflows, and ensure data quality and reliability for data-driven decision-making.

Database Administrator/DB Administrator: Skills to learn: Database management systems (e.g., SQL Server, Oracle, MySQL), data security, backup and recovery, database performance tuning, and query optimization.
question: How does a database administrator differ from a big data engineer?
Answer the question based on the provided context","Database administrators are responsible for managing, securing, and optimizing an organization’s databases. They oversee data storage, retrieval, and security, and troubleshoot any database-related issues.  Big data engineers design and maintain the infrastructure for storing, processing, and analyzing large volumes of data. They are proficient in big data technologies like Hadoop, Spark, and NoSQL databases. Big data engineers develop data pipelines, optimize data workflows, and ensure data quality and reliability for data-driven decision-making.",professions_difference
"context: Systems Analyst: Systems analysts analyze an organization’s computer systems and design solutions to help improve efficiency and effectiveness. They work to understand the organization's needs and tailor information systems to meet those requirements.

Web Developer: Web developers design, build, and maintain websites. They work with clients and stakeholders to create visually appealing and functional web solutions using various programming languages and web development tools.

Systems Analyst: Skills to learn: Requirement analysis, system design, data modeling, process modeling, knowledge of business analysis tools, understanding of software development lifecycle (SDLC), and communication and problem-solving skills.
question: What distinguishes a web developer from a systems analyst?
Answer the question based on the provided context","Web developers design, build, and maintain websites. They work with clients and stakeholders to create visually appealing and functional web solutions using various programming languages and web development tools.  Systems analysts analyze an organization’s computer systems and design solutions to help improve efficiency and effectiveness. They work to understand the organization's needs and tailor information systems to meet those requirements.",professions_difference
"context: Network Administrator: Skills to learn: Network configuration, troubleshooting, security protocols (e.g., SSL, VPN), network monitoring tools, understanding of TCP/IP, DNS, DHCP, routing, and familiarity with network hardware and software.

Network Security Engineer: Skills to learn: Network protocols and architecture, firewall configuration and management, intrusion detection/prevention systems (IDS/IPS), VPN technologies, ethical hacking techniques, and familiarity with security standards and compliance (e.g., ISO 27001, NIST).

Computer Network Architect: Skills to learn: Network design and implementation, knowledge of networking protocols, network security, scalability, and familiarity with network hardware and software.
question: My strengths lie in network configuration, DHCP, DNS, network security, and VPN. What career path would be most suitable for me?
Answer the question based on the provided context","With your expertise in network configuration, DHCP, DNS, network security, and VPN, pursuing a career as a Network Security Engineer would be most suitable for you.",profession_for_skills
"context: Data Engineer: Skills to learn: SQL, Python, data warehousing, ETL (Extract, Transform, Load) tools, database design, cloud platforms (e.g., AWS, GCP), big data technologies (e.g., Hadoop, Spark), and data visualization.

Data Engineer: A data engineer designs, builds, and maintains the architecture that allows for the processing and storage of large datasets. They are responsible for developing and managing the infrastructure for data generation, collection, and storage, ensuring data availability and reliability for the organization's analytical and operational needs.

Data Scientist: Skills to learn: Machine learning, statistical analysis, data mining, programming languages (e.g., Python, R), big data technologies, data visualization, and domain knowledge in the relevant industry.
question: What do I need to learn to become a data engineer?
Answer the question based on the provided context","To become a data engineer, you should focus on learning SQL, Python, data warehousing, ETL (Extract, Transform, Load) tools, database design, cloud platforms (e.g., AWS, GCP), big data technologies (e.g., Hadoop, Spark), and data visualization.",skills_required_for_profession
"context: DevOps Engineer
DevOps engineers are responsible for bridging the gap between development and operations teams, advocating for automation and monitoring at all stages of software construction. They oversee code releases, implement continuous integration and deployment, and ensure that the infrastructure needed to support software code is operating efficiently.

DevOps Engineer: Skills to learn: Continuous integration/continuous deployment (CI/CD), containerization (e.g., Docker, Kubernetes), infrastructure as code (IaC), scripting languages (e.g., Bash, Python), and cloud platforms.

MLOps Engineer: Skills to learn: Machine learning model deployment, version control, continuous integration/continuous deployment (CI/CD), containerization, cloud platforms, and understanding of machine learning lifecycle management.
question: What is the role of a DevOps engineer in ensuring continuous integration and delivery?
Answer the question based on the provided context","DevOps engineers are responsible for bridging the gap between development and operations teams, advocating for automation and monitoring at all stages of software construction. They oversee code releases, implement continuous integration and deployment, and ensure that the infrastructure needed to support software code is operating efficiently.",profession_description
"context: Data Scientist: Skills to learn: Machine learning, Data Science, statistical analysis, data mining, programming languages (e.g., Python, R), big data technologies, data visualization, and domain knowledge in the relevant industry.

Artificial Intelligence Specialist/ AI Specialist/ AI Engineer: Skills to learn: Artificial Intelligence, Machine learning, deep learning, natural language processing (NLP), computer vision, neural networks, programming languages (e.g., Python, R), and understanding of AI ethics and regulations.

Computer Vision Engineer/ CV Engineer/ Vision Engineer: Skills to learn: Computer vision algorithms, image processing, deep learning frameworks (e.g., TensorFlow, PyTorch), programming languages (e.g., Python, C++), and understanding of image recognition technologies.
question: With proficiency in machine learning, TensorFlow, PyTorch, data analysis, and SQL, what profession should I consider?
Answer the question based on the provided context","Based on your proficiency in machine learning, TensorFlow, PyTorch, data analysis, and SQL, the profession that aligns well with your skills is likely a Data Scientist.",profession_for_skills
"context: NLP Engineer/ Natural Language processing engineer
NLP engineers focus on developing and implementing natural language processing (NLP) systems and applications. They work on creating algorithms and models that enable computers to understand, interpret, and generate human language in a valuable way.

Computer Vision Engineer/ CV Engineer
Computer vision engineers specialize in developing and implementing computer vision systems, which enable computers to interpret and understand the visual world. They work on creating algorithms and models that allow machines to perceive and interpret visual information from the physical world, enabling applications such as facial recognition, object detection, and image classification.

NLP Engineer/ Natural Language Processing Engineer Salary/ Annual Income/ Compensation: CAD 85,000 - CAD 145,000
question: How does a natural language processing engineer differ from a computer vision engineer?
Answer the question based on the provided context","NLP engineers focus on developing and implementing natural language processing (NLP) systems and applications. They work on creating algorithms and models that enable computers to understand, interpret, and generate human language in a valuable way.  Computer vision engineers specialize in developing and implementing computer vision systems, which enable computers to interpret and understand the visual world. They work on creating algorithms and models that allow machines to perceive and interpret visual information from the physical world, enabling applications such as facial recognition, object detection, and image classification.",professions_difference
"context: Blockchain Developer: Blockchain developers design and implement decentralized applications (DApps) using blockchain technology. They are skilled in blockchain platforms and languages like Solidity for Ethereum. Blockchain developers work on developing smart contracts, implementing security measures, and ensuring the integrity and reliability of blockchain networks.

Data Engineer: A data engineer designs, builds, and maintains the architecture that allows for the processing and storage of large datasets. They are responsible for developing and managing the infrastructure for data generation, collection, and storage, ensuring data availability and reliability for the organization's analytical and operational needs.

Blockchain Developer: Skills to learn: Understanding of blockchain technology, proficiency in blockchain platforms (e.g., Ethereum, Hyperledger), smart contract development (e.g., Solidity), cryptography, decentralized application (DApp) development, and knowledge of blockchain consensus mechanisms.
question: How does a data engineer differ from a blockchain developer?
Answer the question based on the provided context","A data engineer designs, builds, and maintains the architecture that allows for the processing and storage of large datasets. They are responsible for developing and managing the infrastructure for data generation, collection, and storage, ensuring data availability and reliability for the organization's analytical and operational needs.  Blockchain developers design and implement decentralized applications (DApps) using blockchain technology. They are skilled in blockchain platforms and languages like Solidity for Ethereum. Blockchain developers work on developing smart contracts, implementing security measures, and ensuring the integrity and reliability of blockchain networks. ",professions_difference
"context: DevOps Engineer: Skills to learn: Continuous integration/continuous deployment (CI/CD), containerization (e.g., Docker, Kubernetes), infrastructure as code (IaC), scripting languages (e.g., Bash, Python), and cloud platforms.

Data Engineer: Skills to learn: SQL, Python, data warehousing, ETL (Extract, Transform, Load) tools, database design, cloud platforms (e.g., AWS, GCP), big data technologies (e.g., Hadoop, Spark), and data visualization.

MLOps Engineer: Skills to learn: Machine learning model deployment, version control, continuous integration/continuous deployment (CI/CD), containerization, cloud platforms, and understanding of machine learning lifecycle management.
question: My strengths lie in Python, AWS, Docker, and Kubernetes. What career path would be most suitable for me?
Answer the question based on the provided context","With expertise in Python, AWS, Docker, and Kubernetes, a career path most suitable for you would be a DevOps Engineer.",profession_for_skills
"context: Machine Learning Engineer/ ML Engineer: Machine learning engineers develop and deploy machine learning models and systems that enable computers to perform tasks without explicit programming. They work on designing, implementing, and optimizing machine learning algorithms and models, often in collaboration with data scientists and software developers, to create intelligent solutions for various applications.

Machine Learning Engineer/ ML Engineer: Skills to learn: Machine learning algorithms, deep learning, neural networks, programming languages (e.g., Python, R), data preprocessing, model deployment, and understanding of cloud platforms.

MLOps Engineer
MLOps engineers focus on the deployment, monitoring, and management of machine learning models in production. They work to streamline the process of taking machine learning models from development to deployment, ensuring that models are scalable, reliable, and maintainable in real-world applications.
question: What is the role of a machine learning engineer in model development and optimization?
Answer the question based on the provided context","Machine learning engineers develop and deploy machine learning models and systems that enable computers to perform tasks without explicit programming. They work on designing, implementing, and optimizing machine learning algorithms and models, often in collaboration with data scientists and software developers, to create intelligent solutions for various applications.",profession_description
"context: Computer Vision Engineer/ CV Engineer
Computer vision engineers specialize in developing and implementing computer vision systems, which enable computers to interpret and understand the visual world. They work on creating algorithms and models that allow machines to perceive and interpret visual information from the physical world, enabling applications such as facial recognition, object detection, and image classification.

Software Developer: Software developers are proficient in programming languages and are responsible for designing, creating, and maintaining software applications. They work in collaboration with teams to develop user-friendly and efficient software solutions.

Computer Vision Engineer/ CV Engineer/ Vision Engineer: Skills to learn: Computer vision algorithms, image processing, deep learning frameworks (e.g., TensorFlow, PyTorch), programming languages (e.g., Python, C++), and understanding of image recognition technologies.
question: How does a software developer differ from a computer vision engineer?
Answer the question based on the provided context","Software developers are proficient in programming languages and are responsible for designing, creating, and maintaining software applications. They work in collaboration with teams to develop user-friendly and efficient software solutions.  Computer vision engineers specialize in developing and implementing computer vision systems, which enable computers to interpret and understand the visual world. They work on creating algorithms and models that allow machines to perceive and interpret visual information from the physical world, enabling applications such as facial recognition, object detection, and image classification. ",professions_difference
"context: Full Stack Developer: Skills to learn: Proficiency in front-end technologies (e.g., HTML, CSS, JavaScript), back-end frameworks (e.g., Node.js, Django, Ruby on Rails), databases (e.g., MySQL, MongoDB), version control (e.g., Git), and familiarity with web development tools and libraries (e.g., React, Angular, Vue.js).

Web Developer: Skills to learn: Proficiency in HTML, CSS, JavaScript, web development frameworks (e.g., React, Angular), responsive design, web performance optimization, and understanding of web development best practices.

Node.js: Node.js is a runtime environment that allows developers to run JavaScript code on the server-side, enabling the development of scalable and efficient web applications.
question: With expertise in React, Node.js, MongoDB, Git, and JavaScript, what career path should I pursue?
Answer the question based on the provided context","With your expertise in React, Node.js, MongoDB, Git, and JavaScript, pursuing a career as a Full Stack Developer would be an ideal fit.",profession_for_skills
"context: Mobile App Developer: Mobile app developers specialize in creating applications for mobile devices such as smartphones and tablets. They are proficient in mobile programming languages and frameworks, such as Swift for iOS and Java/Kotlin for Android. Mobile app developers design, develop, and test applications, ensuring compatibility across different devices and platforms.

UX/UI Designer: UX/UI designers focus on creating intuitive and visually appealing user interfaces for digital products such as websites and mobile applications. They conduct user research, develop wireframes and prototypes, and design interface elements to enhance user experience. UX/UI designers collaborate closely with developers and stakeholders to ensure that the final product meets usability and design standards.

Mobile App Developer: Skills to learn: Proficiency in mobile programming languages (e.g., Swift for iOS, Java/Kotlin for Android), mobile app frameworks (e.g., React Native, Flutter), UI/UX design principles for mobile, version control, and familiarity with app deployment processes (e.g., App Store, Google Play).
question: How does a mobile app developer differ from a UX/UI designer?
Answer the question based on the provided context","Mobile app developers specialize in creating applications for mobile devices such as smartphones and tablets. They are proficient in mobile programming languages and frameworks, such as Swift for iOS and Java/Kotlin for Android. Mobile app developers design, develop, and test applications, ensuring compatibility across different devices and platforms.  UX/UI designers focus on creating intuitive and visually appealing user interfaces for digital products such as websites and mobile applications. They conduct user research, develop wireframes and prototypes, and design interface elements to enhance user experience. UX/UI designers collaborate closely with developers and stakeholders to ensure that the final product meets usability and design standards. ",professions_difference
"context: DevOps Engineer: Skills to learn: Continuous integration/continuous deployment (CI/CD), containerization (e.g., Docker, Kubernetes), infrastructure as code (IaC), scripting languages (e.g., Bash, Python), and cloud platforms.

Data Engineer: Skills to learn: SQL, Python, data warehousing, ETL (Extract, Transform, Load) tools, database design, cloud platforms (e.g., AWS, GCP), big data technologies (e.g., Hadoop, Spark), and data visualization.

MLOps Engineer: Skills to learn: Machine learning model deployment, version control, continuous integration/continuous deployment (CI/CD), containerization, cloud platforms, and understanding of machine learning lifecycle management.
question: My skills include AWS, Python, Docker, Kubernetes, and CI/CD. What career path should I consider?
Answer the question based on the provided context","Based on your skills in AWS, Python, Docker, Kubernetes, and CI/CD, a career path as a DevOps Engineer would be most suitable for you.",profession_for_skills
"context: Computer Vision Engineer/ CV Engineer
Computer vision engineers specialize in developing and implementing computer vision systems, which enable computers to interpret and understand the visual world. They work on creating algorithms and models that allow machines to perceive and interpret visual information from the physical world, enabling applications such as facial recognition, object detection, and image classification.

Software Developer: Software developers are proficient in programming languages and are responsible for designing, creating, and maintaining software applications. They work in collaboration with teams to develop user-friendly and efficient software solutions.

Computer Vision Engineer/ CV Engineer/ Vision Engineer: Skills to learn: Computer vision algorithms, image processing, deep learning frameworks (e.g., TensorFlow, PyTorch), programming languages (e.g., Python, C++), and understanding of image recognition technologies.
question: How does a software developer differ from a computer vision engineer?
Answer the question based on the provided context","Software developers are proficient in programming languages and are responsible for designing, creating, and maintaining software applications. They work in collaboration with teams to develop user-friendly and efficient software solutions.  Computer vision engineers specialize in developing and implementing computer vision systems, which enable computers to interpret and understand the visual world. They work on creating algorithms and models that allow machines to perceive and interpret visual information from the physical world, enabling applications such as facial recognition, object detection, and image classification. ",professions_difference
"context: DevOps Engineer
DevOps engineers are responsible for bridging the gap between development and operations teams, advocating for automation and monitoring at all stages of software construction. They oversee code releases, implement continuous integration and deployment, and ensure that the infrastructure needed to support software code is operating efficiently.

DevOps Engineer: Skills to learn: Continuous integration/continuous deployment (CI/CD), containerization (e.g., Docker, Kubernetes), infrastructure as code (IaC), scripting languages (e.g., Bash, Python), and cloud platforms.

MLOps Engineer: Skills to learn: Machine learning model deployment, version control, continuous integration/continuous deployment (CI/CD), containerization, cloud platforms, and understanding of machine learning lifecycle management.
question: What is the role of a DevOps engineer?
Answer the question based on the provided context","DevOps engineers are responsible for bridging the gap between development and operations teams, advocating for automation and monitoring at all stages of software construction. They oversee code releases, implement continuous integration and deployment, and ensure that the infrastructure needed to support software code is operating efficiently.",profession_description
"context: Full Stack Developer: Skills to learn: Proficiency in front-end technologies (e.g., HTML, CSS, JavaScript), back-end frameworks (e.g., Node.js, Django, Ruby on Rails), databases (e.g., MySQL, MongoDB), version control (e.g., Git), and familiarity with web development tools and libraries (e.g., React, Angular, Vue.js).

Blockchain Developer: Skills to learn: Understanding of blockchain technology, proficiency in blockchain platforms (e.g., Ethereum, Hyperledger), smart contract development (e.g., Solidity), cryptography, decentralized application (DApp) development, and knowledge of blockchain consensus mechanisms.

Web Developer: Skills to learn: Proficiency in HTML, CSS, JavaScript, web development frameworks (e.g., React, Angular), responsive design, web performance optimization, and understanding of web development best practices.
question: I am knowledgeable in React, Node.js, MongoDB, Git, and JavaScript. What profession suits me?
Answer the question based on the provided context","Based on your skills in React, Node.js, MongoDB, Git, and JavaScript, the profession that suits you best would be a Full Stack Developer.",profession_for_skills
"context: Mobile App Developer Salary/ Annual Income/ Compensation: CAD 70,000 - CAD 125,000

Software Developer Salary/ Annual Income/ Compensation: CAD 65,000 - CAD 110,000

Game Developer Salary/ Annual Income/ Compensation: CAD 70,000 - CAD 120,000

question: How much does a Mobile App Developer usually earn?
Answer the question based on the provided context","A Mobile App Developer typically earns between CAD 70,000 and CAD 125,000 annually in Canada.",professions_salary
"context: MLOps Engineer: Skills to learn: Machine learning model deployment, version control, continuous integration/continuous deployment (CI/CD), containerization, cloud platforms, and understanding of machine learning lifecycle management.

Artificial Intelligence Specialist/ AI Specialist/ AI Engineer: Skills to learn: Machine learning, deep learning, natural language processing (NLP), computer vision, neural networks, programming languages (e.g., Python, R), and understanding of AI ethics and regulations.

Machine Learning Engineer/ ML Engineer: Skills to learn: Machine learning algorithms, deep learning, neural networks, programming languages (e.g., Python, R), data preprocessing, model deployment, and understanding of cloud platforms.
question: Which subjects should I study to become proficient in MLOps?
Answer the question based on the provided context","To become proficient in MLOps, focus on subjects such as machine learning model deployment, version control, continuous integration/continuous deployment (CI/CD), containerization, cloud platforms, and understanding machine learning lifecycle management.",skills_required_for_profession
"context: Data Engineer: Skills to learn: SQL, Python, data warehousing, ETL (Extract, Transform, Load) tools, database design, cloud platforms (e.g., AWS, GCP), big data technologies (e.g., Hadoop, Spark), and data visualization.

Data Scientist: Skills to learn: Machine learning, Data Science, statistical analysis, data mining, programming languages (e.g., Python, R), big data technologies, data visualization, and domain knowledge in the relevant industry.

Data Analyst: Skills to learn: Data analysis, SQL, data visualization tools (e.g., Tableau, Power BI), statistical analysis, programming languages (e.g., Python, R), and understanding of data modeling and reporting.
question: With proficiency in data modeling, ETL, SQL, Spark, and Python, what career should I pursue?
Answer the question based on the provided context","With your proficiency in data modeling, ETL, SQL, Spark, and Python, pursuing a career as a Data Engineer would be the most suitable path for you.",profession_for_skills
"context: Machine Learning Engineer/ ML Engineer- Salary/ Annual Income/ Compensation: CAD 85,000 - CAD 150,000

Deep Learning Engineer Salary/ Annual Income/ Compensation: CAD 90,000 - CAD 155,000

Artificial Intelligence Specialist Salary/ Annual Income/ Compensation: CAD 85,000 - CAD 145,000
question: Can you give me an idea of the salary range for a Senior Machine Learning Engineer?
Answer the question based on the provided context","The salary range for a Senior Machine Learning Engineer typically falls between CAD 85,000 and CAD 150,000 per year.",professions_salary
"context: Big Data Engineer: Skills to learn: Proficiency in big data technologies (e.g., Hadoop, Spark, Kafka), data processing frameworks, distributed computing, data pipeline development, cloud platforms (e.g., AWS, Azure, GCP), and understanding of data governance and privacy regulations.

Machine Learning Engineer/ ML Engineer: Skills to learn: Machine learning algorithms, deep learning, neural networks, programming languages (e.g., Python, R), data preprocessing, model deployment, and understanding of cloud platforms.

Data Engineer: Skills to learn: SQL, Python, data warehousing, ETL (Extract, Transform, Load) tools, database design, cloud platforms (e.g., AWS, GCP), big data technologies (e.g., Hadoop, Spark), and data visualization.
question: I have experience in cloud computing platforms, GCP, Python, machine learning, and data analysis. What profession suits me?
Answer the question based on the provided context","With experience in cloud computing platforms, GCP, Python, machine learning, and data analysis, pursuing a career as a Data Engineer would be a suitable path.",profession_for_skills
"context: Network Administrator: Skills to learn: Network configuration, troubleshooting, security protocols (e.g., SSL, VPN), network monitoring tools, understanding of TCP/IP, DNS, DHCP, routing, and familiarity with network hardware and software.

Network Security Engineer: Skills to learn: Network protocols and architecture, firewall configuration and management, intrusion detection/prevention systems (IDS/IPS), VPN technologies, ethical hacking techniques, and familiarity with security standards and compliance (e.g., ISO 27001, NIST).

Computer Network Architect: Skills to learn: Network design and implementation, knowledge of networking protocols, network security, scalability, and familiarity with network hardware and software.
question: My strengths lie in network configuration, DHCP, DNS, and network security. What career path would be most suitable for me?
Answer the question based on the provided context","With your strengths in network configuration, DHCP, DNS, and network security, pursuing a career as a Network Administrator would be the most suitable path for you.",profession_for_skills
"context: Machine Learning Engineer/ ML Engineer: Skills to learn: Machine learning algorithms, deep learning, neural networks, programming languages (e.g., Python, R), data preprocessing, model deployment, and understanding of cloud platforms.

Machine Learning Engineer/ ML Engineer: Machine learning engineers develop and deploy machine learning models and systems that enable computers to perform tasks without explicit programming. They work on designing, implementing, and optimizing machine learning algorithms and models, often in collaboration with data scientists and software developers, to create intelligent solutions for various applications.

Deep Learning Engineer: Skills to learn: Deep learning frameworks (e.g., TensorFlow, PyTorch), neural networks, computer vision, natural language processing (NLP), programming languages (e.g., Python, R), and understanding of model optimization.
question: What are the essential learning requirements for becoming a machine learning engineer?
Answer the question based on the provided context","To become a machine learning engineer, focus on learning machine learning algorithms, deep learning techniques, neural networks, programming languages like Python and R, data preprocessing methods, model deployment strategies, and understanding cloud platforms.",skills_required_for_profession
"context: Computer Vision Engineer/ CV Engineer
Computer vision engineers specialize in developing and implementing computer vision systems, which enable computers to interpret and understand the visual world. They work on creating algorithms and models that allow machines to perceive and interpret visual information from the physical world, enabling applications such as facial recognition, object detection, and image classification.

Computer Vision Engineer/ CV Engineer/ Vision Engineer: Skills to learn: Computer vision algorithms, image processing, deep learning frameworks (e.g., TensorFlow, PyTorch), programming languages (e.g., Python, C++), and understanding of image recognition technologies.

Software Developer: Software developers are proficient in programming languages and are responsible for designing, creating, and maintaining software applications. They work in collaboration with teams to develop user-friendly and efficient software solutions.
question: What distinguishes a computer vision engineer from a software developer?
Answer the question based on the provided context","Computer vision engineers specialize in developing and implementing computer vision systems, which enable computers to interpret and understand the visual world. They work on creating algorithms and models that allow machines to perceive and interpret visual information from the physical world, enabling applications such as facial recognition, object detection, and image classification.  Software developers are proficient in programming languages and are responsible for designing, creating, and maintaining software applications. They work in collaboration with teams to develop user-friendly and efficient software solutions.",professions_difference
"context: Data Engineer: Skills to learn: SQL, Python, data warehousing, ETL (Extract, Transform, Load) tools, database design, cloud platforms (e.g., AWS, GCP), big data technologies (e.g., Hadoop, Spark), and data visualization.

Data Analyst: Skills to learn: Data analysis, SQL, data visualization tools (e.g., Tableau, Power BI), statistical analysis, programming languages (e.g., Python, R), and understanding of data modeling and reporting.

Data Architect: Skills to learn: Data modeling, database design, ETL (Extract, Transform, Load) processes, understanding of cloud platforms, big data technologies, and data governance.
question: With expertise in data modeling, ETL, SQL, Spark, and data analysis visualization tools, what profession should I consider?
Answer the question based on the provided context","With expertise in data modeling, ETL, SQL, Spark, and data analysis visualization tools, a profession as a Data Engineer would be most fitting.",profession_for_skills
"context: MLOps Engineer
MLOps engineers focus on the deployment, monitoring, and management of machine learning models in production. They work to streamline the process of taking machine learning models from development to deployment, ensuring that models are scalable, reliable, and maintainable in real-world applications.

MLOps Engineer: Skills to learn: Machine learning model deployment, version control, continuous integration/continuous deployment (CI/CD), containerization, cloud platforms, and understanding of machine learning lifecycle management.

Machine learning model deployment: Machine learning model deployment involves the process of making trained machine learning models available for use in production environments. It includes tasks such as model packaging, versioning, and integration with applications.
question: What is the role of an MLOps engineer in deploying and monitoring machine learning models?
Answer the question based on the provided context","MLOps engineers focus on the deployment, monitoring, and management of machine learning models in production. They work to streamline the process of taking machine learning models from development to deployment, ensuring that models are scalable, reliable, and maintainable in real-world applications.",profession_description
"context: DevOps Engineer
DevOps engineers are responsible for bridging the gap between development and operations teams, advocating for automation and monitoring at all stages of software construction. They oversee code releases, implement continuous integration and deployment, and ensure that the infrastructure needed to support software code is operating efficiently.

DevOps Engineer: Skills to learn: Continuous integration/continuous deployment (CI/CD), containerization (e.g., Docker, Kubernetes), infrastructure as code (IaC), scripting languages (e.g., Bash, Python), and cloud platforms.

MLOps Engineer: Skills to learn: Machine learning model deployment, version control, continuous integration/continuous deployment (CI/CD), containerization, cloud platforms, and understanding of machine learning lifecycle management.
question: What are the responsibilities of a DevOps engineer?
Answer the question based on the provided context","DevOps engineers are responsible for bridging the gap between development and operations teams, advocating for automation and monitoring at all stages of software construction. They oversee code releases, implement continuous integration and deployment, and ensure that the infrastructure needed to support software code is operating efficiently.",profession_description
"context: Data Scientist: Data scientists utilize advanced analytical and programming skills to explore, interpret, and extract valuable insights from large, complex datasets. They apply statistical models, machine learning algorithms, and predictive analytics to solve business problems, identify opportunities, and support data-driven decision-making.

Data Scientist: Skills to learn: Machine learning, statistical analysis, data mining, programming languages (e.g., Python, R), big data technologies, data visualization, and domain knowledge in the relevant industry.

Data Analyst: Data analysts are tasked with interpreting and analyzing complex data sets to uncover insights that can inform business decisions. They use statistical methods and visualization techniques to present their findings in a clear and understandable manner, helping organizations understand trends, make strategic choices, and optimize performance.
question: What does a data scientist do on a daily basis?
Answer the question based on the provided context","Data scientists utilize advanced analytical and programming skills to explore, interpret, and extract valuable insights from large, complex datasets. They apply statistical models, machine learning algorithms, and predictive analytics to solve business problems, identify opportunities, and support data-driven decision-making.",profession_description
"context: Database Administrator: Database administrators are responsible for managing, securing, and optimizing an organization’s databases. They oversee data storage, retrieval, and security, and troubleshoot any database-related issues.

Data Architect: Data architects design and create the blueprint for managing and integrating an organization's data assets. They develop the structure and architecture for databases, data warehouses, and data lakes, ensuring that data is organized, accessible, and aligned with business requirements and industry best practices.

Database Administrator/ DB Administrator: Skills to learn: Database management systems (e.g., SQL Server, Oracle, MySQL), data security, backup and recovery, database performance tuning, query optimization, and familiarity with database design principles.
question: What distinguishes a data architect from a database administrator?
Answer the question based on the provided context","Data architects design and create the blueprint for managing and integrating an organization's data assets. They develop the structure and architecture for databases, data warehouses, and data lakes, ensuring that data is organized, accessible, and aligned with business requirements and industry best practices.  Database administrators are responsible for managing, securing, and optimizing an organization’s databases. They oversee data storage, retrieval, and security, and troubleshoot any database-related issues.",professions_difference
"context: Database Administrator/DB Administrator: Skills to learn: Database management systems (e.g., SQL Server, Oracle, MySQL), data security, backup and recovery, database performance tuning, and query optimization.

Database Administrator/ DB Administrator: Skills to learn: Database management systems (e.g., SQL Server, Oracle, MySQL), data security, backup and recovery, database performance tuning, query optimization, and familiarity with database design principles.

Full Stack Developer: Skills to learn: Proficiency in front-end technologies (e.g., HTML, CSS, JavaScript), back-end frameworks (e.g., Node.js, Django, Ruby on Rails), databases (e.g., MySQL, MongoDB), version control (e.g., Git), and familiarity with web development tools and libraries (e.g., React, Angular, Vue.js).
question: I have experience in Java, Spring Boot, Hibernate, MySQL, and RESTful APIs. What role suits me the best?
Answer the question based on the provided context","With experience in Java, Spring Boot, Hibernate, MySQL, and RESTful APIs, the role of Full Stack Developer aligns best with your expertise.",profession_for_skills
"context: Full Stack Developer Salary/ Annual Income/ Compensation: CAD 70,000 - CAD 120,000

Software Developer Salary/ Annual Income/ Compensation: CAD 65,000 - CAD 110,000

Web Developer Salary/ Annual Income/ Compensation: CAD 60,000 - CAD 105,000
question: What's the salary range for a Full Stack Developer?
Answer the question based on the provided context","The salary range for a Full Stack Developer in Canada typically falls between CAD 70,000 and CAD 120,000 annually.",professions_salary
"context: Data Scientist: Data scientists utilize advanced analytical and programming skills to explore, interpret, and extract valuable insights from large, complex datasets. They apply statistical models, machine learning algorithms, and predictive analytics to solve business problems, identify opportunities, and support data-driven decision-making.

Data Scientist: Skills to learn: Machine learning, statistical analysis, data mining, programming languages (e.g., Python, R), big data technologies, data visualization, and domain knowledge in the relevant industry.

Data and Analytics Manager: Data and analytics managers oversee the strategic planning and execution of data initiatives within an organization. They lead teams responsible for data governance, analytics, and business intelligence, ensuring that data resources are utilized effectively to support decision-making and drive business growth.
question: What are the responsibilities of a data scientist?
Answer the question based on the provided context","Data scientists utilize advanced analytical and programming skills to explore, interpret, and extract valuable insights from large, complex datasets. They apply statistical models, machine learning algorithms, and predictive analytics to solve business problems, identify opportunities, and support data-driven decision-making.",profession_description
"context: Network Administrator: Network administrators manage and maintain an organization's computer networks. They ensure network functionality, performance, and security, and address any issues that may arise.

Cyber Security Specialist: Cyber security specialists focus on safeguarding computer systems and networks from security threats. They implement security measures, conduct risk assessments, and respond to security incidents to protect organizations' digital assets.

Network Administrator: Skills to learn: Network configuration, troubleshooting, security protocols (e.g., SSL, VPN), network monitoring tools, understanding of TCP/IP, DNS, DHCP, routing, and familiarity with network hardware and software.
question: How does a network administrator differ from a cyber security specialist?
Answer the question based on the provided context","Network administrators manage and maintain an organization's computer networks. They ensure network functionality, performance, and security, and address any issues that may arise.  Cyber security specialists focus on safeguarding computer systems and networks from security threats. They implement security measures, conduct risk assessments, and respond to security incidents to protect organizations' digital assets.",professions_difference
"context: Database Administrator/DB Administrator: Skills to learn: Database management systems (e.g., SQL Server, Oracle, MySQL), data security, backup and recovery, database performance tuning, and query optimization.

Database Administrator/ DB Administrator: Skills to learn: Database management systems (e.g., SQL Server, Oracle, MySQL), data security, backup and recovery, database performance tuning, query optimization, and familiarity with database design principles.

Full Stack Developer: Skills to learn: Proficiency in front-end technologies (e.g., HTML, CSS, JavaScript), back-end frameworks (e.g., Node.js, Django, Ruby on Rails), databases (e.g., MySQL, MongoDB), version control (e.g., Git), and familiarity with web development tools and libraries (e.g., React, Angular, Vue.js).
question: I am proficient in Java, Spring Boot, Hibernate, MySQL, and RESTful APIs. What role suits me the best?
Answer the question based on the provided context","With proficiency in Java, Spring Boot, Hibernate, MySQL, and RESTful APIs, the role that suits you best would likely be a Full Stack Developer.",profession_for_skills
"context: Data Engineer: Skills to learn: SQL, Python, data warehousing, ETL (Extract, Transform, Load) tools, database design, cloud platforms (e.g., AWS, GCP), big data technologies (e.g., Hadoop, Spark), and data visualization.

Data Scientist: Skills to learn: Machine learning, Data Science, statistical analysis, data mining, programming languages (e.g., Python, R), big data technologies, data visualization, and domain knowledge in the relevant industry.

Data Analyst: Skills to learn: Data analysis, SQL, data visualization tools (e.g., Tableau, Power BI), statistical analysis, programming languages (e.g., Python, R), and understanding of data modeling and reporting.
question: I am knowledgeable in data modeling, ETL, SQL, Spark, and data analysis visualization tools. What profession suits me?
Answer the question based on the provided context","Based on your expertise in data modeling, ETL, SQL, Spark, and data analysis visualization tools, the profession that suits you best is a Data Engineer.",profession_for_skills
"context: Data and Analytics Manager: Data and analytics managers oversee the strategic planning and execution of data initiatives within an organization. They lead teams responsible for data governance, analytics, and business intelligence, ensuring that data resources are utilized effectively to support decision-making and drive business growth.

Data and Analytics Manager: Skills to learn: Data strategy, data governance, team management, data visualization, business intelligence tools, project management, and understanding of data security and compliance.

Data Engineer: A data engineer designs, builds, and maintains the architecture that allows for the processing and storage of large datasets. They are responsible for developing and managing the infrastructure for data generation, collection, and storage, ensuring data availability and reliability for the organization's analytical and operational needs.
question: What distinguishes a data and analytics manager from a data engineer?
Answer the question based on the provided context","Data and analytics managers oversee the strategic planning and execution of data initiatives within an organization. They lead teams responsible for data governance, analytics, and business intelligence, ensuring that data resources are utilized effectively to support decision-making and drive business growth.  A data engineer designs, builds, and maintains the architecture that allows for the processing and storage of large datasets. They are responsible for developing and managing the infrastructure for data generation, collection, and storage, ensuring data availability and reliability for the organization's analytical and operational needs. ",professions_difference
"context: Deep Learning Engineer: Skills to learn: Deep learning frameworks (e.g., TensorFlow, PyTorch), neural networks, computer vision, natural language processing (NLP), programming languages (e.g., Python, R), and understanding of model optimization.

Computer Vision Engineer/ CV Engineer/ Vision Engineer: Skills to learn: Computer vision algorithms, image processing, deep learning frameworks (e.g., TensorFlow, PyTorch), programming languages (e.g., Python, C++), and understanding of image recognition technologies.

Deep learning frameworks: Deep learning frameworks provide tools and libraries for building and training deep neural networks for tasks such as image recognition, natural language processing, and predictive modeling. Eg: Pytorch, Keras, Tensorflow.
question: With proficiency in deep learning frameworks, TensorFlow, and PyTorch, what career should I pursue?
Answer the question based on the provided context","Considering your proficiency in deep learning frameworks like TensorFlow and PyTorch, a career path you should pursue is Deep Learning Engineer.",profession_for_skills
"context: Data and Analytics Manager Salary/ Annual Income/ Compensation: CAD 100,000 - CAD 160,000

Data Analyst Salary/ Annual Income/ Compensation: CAD 55,000 - CAD 95,000

Data Scientist Salary/ Annual Income/ Compensation: CAD 80,000 - CAD 140,000
question: I'm interested in knowing the salary range for a Data and Analytics Manager in Canada. Can you provide some details?
Answer the question based on the provided context","The salary range for a Data and Analytics Manager in Canada is typically between CAD 100,000 and CAD 160,000 annually.",professions_salary
"context: Full Stack Developer: Full stack developers are proficient in both front-end and back-end web development. They work on creating and maintaining web applications from start to finish, handling both client-side and server-side programming tasks. Full stack developers are skilled in various programming languages and frameworks, allowing them to build interactive and dynamic websites that meet client requirements.

Full Stack Developer: Skills to learn: Proficiency in front-end technologies (e.g., HTML, CSS, JavaScript), back-end frameworks (e.g., Node.js, Django, Ruby on Rails), databases (e.g., MySQL, MongoDB), version control (e.g., Git), and familiarity with web development tools and libraries (e.g., React, Angular, Vue.js).

Full Stack Developer Salary/ Annual Income/ Compensation: CAD 70,000 - CAD 120,000
question: What does a Full Stack Developer typically do on a day-to-day basis?
Answer the question based on the provided context","Full stack developers are proficient in both front-end and back-end web development. They work on creating and maintaining web applications from start to finish, handling both client-side and server-side programming tasks. Full stack developers are skilled in various programming languages and frameworks, allowing them to build interactive and dynamic websites that meet client requirements.",profession_description
"context: MLOps Engineer: Skills to learn: Machine learning model deployment, version control, continuous integration/continuous deployment (CI/CD), containerization, cloud platforms, and understanding of machine learning lifecycle management.

MLOps Engineer
MLOps engineers focus on the deployment, monitoring, and management of machine learning models in production. They work to streamline the process of taking machine learning models from development to deployment, ensuring that models are scalable, reliable, and maintainable in real-world applications.

Machine Learning Engineer/ ML Engineer: Machine learning engineers develop and deploy machine learning models and systems that enable computers to perform tasks without explicit programming. They work on designing, implementing, and optimizing machine learning algorithms and models, often in collaboration with data scientists and software developers, to create intelligent solutions for various applications.
question: What does an MLOps engineer do on a daily basis?
Answer the question based on the provided context","MLOps engineers focus on the deployment, monitoring, and management of machine learning models in production. They work to streamline the process of taking machine learning models from development to deployment, ensuring that models are scalable, reliable, and maintainable in real-world applications.",profession_description
"context: Network Security Engineer: Network security engineers are responsible for securing an organization's computer networks from cyber threats and attacks. They design and implement security measures, such as firewalls and intrusion detection systems, to protect network infrastructure and data. Network security engineers monitor network traffic, investigate security breaches, and develop strategies to mitigate risks and vulnerabilities.

Network Security Engineer: Skills to learn: Network protocols and architecture, firewall configuration and management, intrusion detection/prevention systems (IDS/IPS), VPN technologies, ethical hacking techniques, and familiarity with security standards and compliance (e.g., ISO 27001, NIST).

Network Administrator: Skills to learn: Network configuration, troubleshooting, security protocols (e.g., SSL, VPN), network monitoring tools, understanding of TCP/IP, DNS, DHCP, routing, and familiarity with network hardware and software.
question: What are the primary responsibilities of a Network Security Engineer?
Answer the question based on the provided context","Network security engineers are responsible for securing an organization's computer networks from cyber threats and attacks. They design and implement security measures, such as firewalls and intrusion detection systems, to protect network infrastructure and data. Network security engineers monitor network traffic, investigate security breaches, and develop strategies to mitigate risks and vulnerabilities.",profession_description
"context: DevOps Engineer: Skills to learn: Continuous integration/continuous deployment (CI/CD), containerization (e.g., Docker, Kubernetes), infrastructure as code (IaC), scripting languages (e.g., Bash, Python), and cloud platforms.

DevOps Engineer
DevOps engineers are responsible for bridging the gap between development and operations teams, advocating for automation and monitoring at all stages of software construction. They oversee code releases, implement continuous integration and deployment, and ensure that the infrastructure needed to support software code is operating efficiently.

MLOps Engineer: Skills to learn: Machine learning model deployment, version control, continuous integration/continuous deployment (CI/CD), containerization, cloud platforms, and understanding of machine learning lifecycle management.
question: What skills do DevOps engineers need to learn in order to be effective in their role?
Answer the question based on the provided context","To be effective in their role, DevOps engineers need to learn Continuous integration/continuous deployment (CI/CD), containerization (e.g., Docker, Kubernetes), infrastructure as code (IaC), scripting languages (e.g., Bash, Python), and cloud platforms.",skills_required_for_profession
"context: Data Engineer: A data engineer designs, builds, and maintains the architecture that allows for the processing and storage of large datasets. They are responsible for developing and managing the infrastructure for data generation, collection, and storage, ensuring data availability and reliability for the organization's analytical and operational needs.

Data Engineer: Skills to learn: SQL, Python, data warehousing, ETL (Extract, Transform, Load) tools, database design, cloud platforms (e.g., AWS, GCP), big data technologies (e.g., Hadoop, Spark), and data visualization.

Data Architect: Skills to learn: Data modeling, database design, ETL (Extract, Transform, Load) processes, understanding of cloud platforms, big data technologies, and data governance.
question: What responsibilities does a data engineer have?
Answer the question based on the provided context","A data engineer designs, builds, and maintains the architecture that allows for the processing and storage of large datasets. They are responsible for developing and managing the infrastructure for data generation, collection, and storage, ensuring data availability and reliability for the organization's analytical and operational needs.",profession_description
"context: NLP Engineer/ Natural Language processing engineer
NLP engineers focus on developing and implementing natural language processing (NLP) systems and applications. They work on creating algorithms and models that enable computers to understand, interpret, and generate human language in a valuable way.

Computer Vision Engineer/ CV Engineer
Computer vision engineers specialize in developing and implementing computer vision systems, which enable computers to interpret and understand the visual world. They work on creating algorithms and models that allow machines to perceive and interpret visual information from the physical world, enabling applications such as facial recognition, object detection, and image classification.

Computer Vision Engineer/ CV Engineer/ Vision Engineer: Skills to learn: Computer vision algorithms, image processing, deep learning frameworks (e.g., TensorFlow, PyTorch), programming languages (e.g., Python, C++), and understanding of image recognition technologies.
question: What distinguishes a computer vision engineer from a natural language processing engineer?
Answer the question based on the provided context","Computer vision engineers specialize in developing and implementing computer vision systems, which enable computers to interpret and understand the visual world. They work on creating algorithms and models that allow machines to perceive and interpret visual information from the physical world, enabling applications such as facial recognition, object detection, and image classification.  NLP engineers focus on developing and implementing natural language processing (NLP) systems and applications. They work on creating algorithms and models that enable computers to understand, interpret, and generate human language in a valuable way.",professions_difference
"context: MLOps Engineer
MLOps engineers focus on the deployment, monitoring, and management of machine learning models in production. They work to streamline the process of taking machine learning models from development to deployment, ensuring that models are scalable, reliable, and maintainable in real-world applications.

MLOps Engineer: Skills to learn: Machine learning model deployment, version control, continuous integration/continuous deployment (CI/CD), containerization, cloud platforms, and understanding of machine learning lifecycle management.

Machine Learning Engineer/ ML Engineer: Machine learning engineers develop and deploy machine learning models and systems that enable computers to perform tasks without explicit programming. They work on designing, implementing, and optimizing machine learning algorithms and models, often in collaboration with data scientists and software developers, to create intelligent solutions for various applications.
question: In what ways does an MLOps engineer support the seamless integration of machine learning into production systems?
Answer the question based on the provided context","MLOps engineers focus on the deployment, monitoring, and management of machine learning models in production. They work to streamline the process of taking machine learning models from development to deployment, ensuring that models are scalable, reliable, and maintainable in real-world applications.",profession_description
"context: Cloud Architect: Cloud architects design and oversee the implementation of cloud computing solutions. They develop cloud strategies, optimize cloud infrastructure, and ensure security and compliance with industry standards.

Cloud Architect: Skills to learn: Cloud computing platforms (e.g., AWS, Azure, Google Cloud), infrastructure as code (IaC), security and compliance, networking concepts, and knowledge of cloud migration strategies.

IT Security Consultant: IT security consultants advise organizations on how to protect their information and data from cyber threats. They assess security risks, develop security policies, and recommend and implement security solutions.
question: How does an IT security consultant differ from a cloud architect?
Answer the question based on the provided context"," IT security consultants advise organizations on how to protect their information and data from cyber threats. They assess security risks, develop security policies, and recommend and implement security solutions.  Cloud architects design and oversee the implementation of cloud computing solutions. They develop cloud strategies, optimize cloud infrastructure, and ensure security and compliance with industry standards.",professions_difference
"context: Data Engineer: A data engineer designs, builds, and maintains the architecture that allows for the processing and storage of large datasets. They are responsible for developing and managing the infrastructure for data generation, collection, and storage, ensuring data availability and reliability for the organization's analytical and operational needs.

Data Engineer: Skills to learn: SQL, Python, data warehousing, ETL (Extract, Transform, Load) tools, database design, cloud platforms (e.g., AWS, GCP), big data technologies (e.g., Hadoop, Spark), and data visualization.

Data Architect: Data architects design and create the blueprint for managing and integrating an organization's data assets. They develop the structure and architecture for databases, data warehouses, and data lakes, ensuring that data is organized, accessible, and aligned with business requirements and industry best practices.
question: What is the function of a data engineer within an organization?
Answer the question based on the provided context","A data engineer designs, builds, and maintains the architecture that allows for the processing and storage of large datasets. They are responsible for developing and managing the infrastructure for data generation, collection, and storage, ensuring data availability and reliability for the organization's analytical and operational needs.",profession_description
"context: Blockchain Developer: Blockchain developers design and implement decentralized applications (DApps) using blockchain technology. They are skilled in blockchain platforms and languages like Solidity for Ethereum. Blockchain developers work on developing smart contracts, implementing security measures, and ensuring the integrity and reliability of blockchain networks.

Blockchain technology: Blockchain technology is a decentralized, distributed ledger system used to record transactions across multiple computers in a way that is secure, transparent, and tamper-proof. It forms the foundation of cryptocurrencies like Bitcoin and enables various applications beyond digital currencies.

Blockchain Developer: Skills to learn: Understanding of blockchain technology, proficiency in blockchain platforms (e.g., Ethereum, Hyperledger), smart contract development (e.g., Solidity), cryptography, decentralized application (DApp) development, and knowledge of blockchain consensus mechanisms.
question: What is Blockchain technology, and how do Blockchain Developers contribute to these applications?
Answer the question based on the provided context","Blockchain technology is a decentralized, distributed ledger system used to record transactions across multiple computers in a way that is secure, transparent, and tamper-proof. It forms the foundation of cryptocurrencies like Bitcoin and enables various applications beyond digital currencies.  Blockchain developers design and implement decentralized applications (DApps) using blockchain technology. They are skilled in blockchain platforms and languages like Solidity for Ethereum. Blockchain developers work on developing smart contracts, implementing security measures, and ensuring the integrity and reliability of blockchain networks. ",profession_description
"context: Machine Learning Engineer/ ML Engineer: Skills to learn: Machine learning algorithms, deep learning, neural networks, programming languages (e.g., Python, R), data preprocessing, model deployment, and understanding of cloud platforms.

Machine Learning Engineer/ ML Engineer: Machine learning engineers develop and deploy machine learning models and systems that enable computers to perform tasks without explicit programming. They work on designing, implementing, and optimizing machine learning algorithms and models, often in collaboration with data scientists and software developers, to create intelligent solutions for various applications.

Artificial Intelligence Specialist/ AI Specialist/ AI Engineer: Skills to learn: Machine learning, deep learning, natural language processing (NLP), computer vision, neural networks, programming languages (e.g., Python, R), and understanding of AI ethics and regulations.
question: What skills are required for someone working as a machine learning engineer?
Answer the question based on the provided context","Skills required for a machine learning engineer include proficiency in machine learning algorithms, deep learning, neural networks, programming languages (e.g., Python, R), data preprocessing, model deployment, and understanding of cloud platforms.",skills_required_for_profession
"context: NLP Engineer/ Natural Language Processing Engineer Salary/ Annual Income/ Compensation: CAD 85,000 - CAD 145,000

Deep Learning Engineer Salary/ Annual Income/ Compensation: CAD 90,000 - CAD 155,000

Machine Learning Engineer/ ML Engineer- Salary/ Annual Income/ Compensation: CAD 85,000 - CAD 150,000
question: What's the salary range for a Senior NLP Engineer?
Answer the question based on the provided context","A Senior NLP Engineer typically earns between CAD 85,000 and CAD 145,000 per year.",professions_salary
"context: IT Project Manager: IT project managers plan, execute, and oversee IT projects, ensuring that they are completed within budget and on schedule. They coordinate resources, manage risks, and communicate with stakeholders throughout the project lifecycle.

IT Security Consultant: IT security consultants advise organizations on how to protect their information and data from cyber threats. They assess security risks, develop security policies, and recommend and implement security solutions.

IT Security Consultant: Skills to learn: Information security frameworks, risk management, threat modeling, security architecture, security assessment tools, and understanding of regulatory compliance.
question: How does an IT project manager differ from an IT security consultant?
Answer the question based on the provided context","IT project managers plan, execute, and oversee IT projects, ensuring that they are completed within budget and on schedule. They coordinate resources, manage risks, and communicate with stakeholders throughout the project lifecycle.  IT security consultants advise organizations on how to protect their information and data from cyber threats. They assess security risks, develop security policies, and recommend and implement security solutions.",professions_difference
"context: Full Stack Developer: Skills to learn: Proficiency in front-end technologies (e.g., HTML, CSS, JavaScript), back-end frameworks (e.g., Node.js, Django, Ruby on Rails), databases (e.g., MySQL, MongoDB), version control (e.g., Git), and familiarity with web development tools and libraries (e.g., React, Angular, Vue.js).

Web Developer: Skills to learn: Proficiency in HTML, CSS, JavaScript, web development frameworks (e.g., React, Angular), responsive design, web performance optimization, and understanding of web development best practices.

Full Stack Developer: Full stack developers are proficient in both front-end and back-end web development. They work on creating and maintaining web applications from start to finish, handling both client-side and server-side programming tasks. Full stack developers are skilled in various programming languages and frameworks, allowing them to build interactive and dynamic websites that meet client requirements.
question: I am proficient in Agile, React, JavaScript, CSS, and HTML. What role suits me the best?
Answer the question based on the provided context","With proficiency in Agile, React, JavaScript, CSS, and HTML, pursuing a career as a Full Stack Developer would be an ideal fit.",profession_for_skills
"context: Cloud Architect: Cloud architects design and oversee the implementation of cloud computing solutions. They develop cloud strategies, optimize cloud infrastructure, and ensure security and compliance with industry standards.

Cloud Architect: Skills to learn: Cloud computing platforms (e.g., AWS, Azure, Google Cloud), infrastructure as code (IaC), security and compliance, networking concepts, and knowledge of cloud migration strategies.

IT Support Specialist: IT support specialists provide technical assistance and troubleshooting for end users' hardware and software issues. They address IT-related inquiries, diagnose problems, and implement solutions to maintain operational efficiency.
question: What distinguishes an IT support specialist from a cloud architect?
Answer the question based on the provided context","IT support specialists provide technical assistance and troubleshooting for end users' hardware and software issues. They address IT-related inquiries, diagnose problems, and implement solutions to maintain operational efficiency.  Cloud architects design and oversee the implementation of cloud computing solutions. They develop cloud strategies, optimize cloud infrastructure, and ensure security and compliance with industry standards.",professions_difference
"context: Software Developer Salary/ Annual Income/ Compensation: CAD 65,000 - CAD 110,000

Mobile App Developer Salary/ Annual Income/ Compensation: CAD 70,000 - CAD 125,000

Web Developer Salary/ Annual Income/ Compensation: CAD 60,000 - CAD 105,000
question: What's the average salary for a Software Developer?
Answer the question based on the provided context","The average salary for a Software Developer in Canada is typically between CAD 65,000 and CAD 110,000 annually.",professions_salary
"context: NLP Engineer/ Natural Language processing engineer
NLP engineers focus on developing and implementing natural language processing (NLP) systems and applications. They work on creating algorithms and models that enable computers to understand, interpret, and generate human language in a valuable way.

Deep Learning Engineer: Skills to learn: Deep learning frameworks (e.g., TensorFlow, PyTorch), neural networks, computer vision, natural language processing (NLP), programming languages (e.g., Python, R), and understanding of model optimization.

Deep Learning Engineer
Deep learning engineers specialize in developing and implementing deep learning systems, which are a subset of machine learning algorithms that are particularly effective for complex data analysis. They work on creating neural networks that are capable of learning from large amounts of data and making predictions or decisions based on that data.
question: What distinguishes a natural language processing engineer from a deep learning engineer?
Answer the question based on the provided context","NLP engineers focus on developing and implementing natural language processing (NLP) systems and applications. They work on creating algorithms and models that enable computers to understand, interpret, and generate human language in a valuable way.  Deep learning engineers specialize in developing and implementing deep learning systems, which are a subset of machine learning algorithms that are particularly effective for complex data analysis. They work on creating neural networks that are capable of learning from large amounts of data and making predictions or decisions based on that data.",professions_difference
"context: Network Administrator: Skills to learn: Network configuration, troubleshooting, security protocols (e.g., SSL, VPN), network monitoring tools, understanding of TCP/IP, DNS, DHCP, routing, and familiarity with network hardware and software.

Network Security Engineer: Skills to learn: Network protocols and architecture, firewall configuration and management, intrusion detection/prevention systems (IDS/IPS), VPN technologies, ethical hacking techniques, and familiarity with security standards and compliance (e.g., ISO 27001, NIST).

Computer Network Architect: Skills to learn: Network design and implementation, knowledge of networking protocols, network security, scalability, and familiarity with network hardware and software.
question: My skills include network configuration, DHCP, DNS, network security, and VPN. What career path would be most suitable for me?
Answer the question based on the provided context","Based on your skills in network configuration, DHCP, DNS, network security, and VPN, the most suitable career path for you would be a Network Security Engineer.",profession_for_skills
"context: DevOps Engineer: Skills to learn: Continuous integration/continuous deployment (CI/CD), containerization (e.g., Docker, Kubernetes), infrastructure as code (IaC), scripting languages (e.g., Bash, Python), and cloud platforms.

Full Stack Developer: Skills to learn: Proficiency in front-end technologies (e.g., HTML, CSS, JavaScript), back-end frameworks (e.g., Node.js, Django, Ruby on Rails), databases (e.g., MySQL, MongoDB), version control (e.g., Git), and familiarity with web development tools and libraries (e.g., React, Angular, Vue.js).

Artificial Intelligence Specialist/ AI Specialist/ AI Engineer: Skills to learn: Artificial Intelligence, Machine learning, deep learning, natural language processing (NLP), computer vision, neural networks, programming languages (e.g., Python, R), and understanding of AI ethics and regulations.
question: I am proficient in Python, AWS, Docker, Kubernetes, and CI/CD. What profession aligns with my expertise?
Answer the question based on the provided context","With proficiency in Python, AWS, Docker, Kubernetes, and CI/CD, pursuing a career as a DevOps Engineer would be an excellent fit.",profession_for_skills
"context: Deep Learning Engineer: Skills to learn: Deep learning frameworks (e.g., TensorFlow, PyTorch), neural networks, computer vision, natural language processing (NLP), programming languages (e.g., Python, R), and understanding of model optimization.

Computer Vision Engineer/ CV Engineer/ Vision Engineer: Skills to learn: Computer vision algorithms, image processing, deep learning frameworks (e.g., TensorFlow, PyTorch), programming languages (e.g., Python, C++), and understanding of image recognition technologies.

Artificial Intelligence Specialist/ AI Specialist/ AI Engineer: Skills to learn: Artificial Intelligence, Machine learning, deep learning, natural language processing (NLP), computer vision, neural networks, programming languages (e.g., Python, R), and understanding of AI ethics and regulations.
question: With proficiency in deep learning frameworks, TensorFlow, PyTorch, Python, and machine learning, what career should I pursue?
Answer the question based on the provided context","With proficiency in deep learning frameworks, TensorFlow, PyTorch, Python, and machine learning, pursuing a career as a Deep Learning Engineer would be an ideal fit.",profession_for_skills
"context: Network Administrator: Network administrators manage and maintain an organization's computer networks. They ensure network functionality, performance, and security, and address any issues that may arise.

Cyber Security Specialist: Cyber security specialists focus on safeguarding computer systems and networks from security threats. They implement security measures, conduct risk assessments, and respond to security incidents to protect organizations' digital assets.

Network Administrator: Skills to learn: Network configuration, troubleshooting, security protocols (e.g., SSL, VPN), network monitoring tools, understanding of TCP/IP, DNS, DHCP, routing, and familiarity with network hardware and software.
question: What are the primary differences between a network administrator and a cyber security specialist?
Answer the question based on the provided context","Network administrators manage and maintain an organization's computer networks. They ensure network functionality, performance, and security, and address any issues that may arise.  Cyber security specialists focus on safeguarding computer systems and networks from security threats. They implement security measures, conduct risk assessments, and respond to security incidents to protect organizations' digital assets.",professions_difference
"context: MLOps Engineer Salary/ Annual Income/ Compensation: CAD 85,000 - CAD 145,000

Machine Learning Engineer/ ML Engineer- Salary/ Annual Income/ Compensation: CAD 85,000 - CAD 150,000

DevOps Engineer Salary/ Annual Income/ Compensation: CAD 80,000 - CAD 140,000
question: Can you give me an idea of the salary range for a Senior MLOps Engineer?
Answer the question based on the provided context","A Senior MLOps Engineer typically earns between CAD 85,000 and CAD 145,000 per year.",professions_salary
"context: Big Data Engineer: Skills to learn: Proficiency in big data technologies (e.g., Hadoop, Spark, Kafka), data processing frameworks, distributed computing, data pipeline development, cloud platforms (e.g., AWS, Azure, GCP), and understanding of data governance and privacy regulations.

Machine Learning Engineer/ ML Engineer: Skills to learn: Machine learning algorithms, deep learning, neural networks, programming languages (e.g., Python, R), data preprocessing, model deployment, and understanding of cloud platforms.

Data Scientist: Skills to learn: Machine learning, Data Science, statistical analysis, data mining, programming languages (e.g., Python, R), big data technologies, data visualization, and domain knowledge in the relevant industry.
question: I am knowledgeable in cloud computing platforms, Azure, Python, data analysis, and machine learning. What profession suits me?
Answer the question based on the provided context","Based on your skills in cloud computing platforms, Azure, Python, data analysis, and machine learning, the profession that suits you best would be a Data Scientist.",profession_for_skills
"context: Artificial Intelligence Specialist Salary/ Annual Income/ Compensation: CAD 85,000 - CAD 145,000

Machine Learning Engineer/ ML Engineer- Salary/ Annual Income/ Compensation: CAD 85,000 - CAD 150,000

IT Support Specialist Salary/ Annual Income/ Compensation: CAD 50,000 - CAD 85,000
question: Can you provide insight into the salary range for a Senior Artificial Intelligence Specialist?
Answer the question based on the provided context","The salary range for a Senior Artificial Intelligence Specialist typically falls between CAD 85,000 and CAD 145,000 per year.",professions_salary
"context: Deep Learning Engineer Salary/ Annual Income/ Compensation: CAD 90,000 - CAD 155,000

Machine Learning Engineer/ ML Engineer- Salary/ Annual Income/ Compensation: CAD 85,000 - CAD 150,000

Artificial Intelligence Specialist Salary/ Annual Income/ Compensation: CAD 85,000 - CAD 145,000
question: How much does a Lead Deep Learning Engineer typically earn?
Answer the question based on the provided context","A Lead Deep Learning Engineer typically earns between CAD 90,000 and CAD 155,000 per year.",professions_salary
"context: Network Security Engineer: Network security engineers are responsible for securing an organization's computer networks from cyber threats and attacks. They design and implement security measures, such as firewalls and intrusion detection systems, to protect network infrastructure and data. Network security engineers monitor network traffic, investigate security breaches, and develop strategies to mitigate risks and vulnerabilities.

Blockchain Developer: Blockchain developers design and implement decentralized applications (DApps) using blockchain technology. They are skilled in blockchain platforms and languages like Solidity for Ethereum. Blockchain developers work on developing smart contracts, implementing security measures, and ensuring the integrity and reliability of blockchain networks.

Network Security Engineer: Skills to learn: Network protocols and architecture, firewall configuration and management, intrusion detection/prevention systems (IDS/IPS), VPN technologies, ethical hacking techniques, and familiarity with security standards and compliance (e.g., ISO 27001, NIST).
question: What distinguishes a network security engineer from a blockchain developer?
Answer the question based on the provided context","Network security engineers are responsible for securing an organization's computer networks from cyber threats and attacks. They design and implement security measures, such as firewalls and intrusion detection systems, to protect network infrastructure and data. Network security engineers monitor network traffic, investigate security breaches, and develop strategies to mitigate risks and vulnerabilities.  Blockchain developers design and implement decentralized applications (DApps) using blockchain technology. They are skilled in blockchain platforms and languages like Solidity for Ethereum. Blockchain developers work on developing smart contracts, implementing security measures, and ensuring the integrity and reliability of blockchain networks. ",professions_difference
"context: NLP Engineer/ Natural Language processing engineer
NLP engineers focus on developing and implementing natural language processing (NLP) systems and applications. They work on creating algorithms and models that enable computers to understand, interpret, and generate human language in a valuable way.

Computer Vision Engineer/ CV Engineer
Computer vision engineers specialize in developing and implementing computer vision systems, which enable computers to interpret and understand the visual world. They work on creating algorithms and models that allow machines to perceive and interpret visual information from the physical world, enabling applications such as facial recognition, object detection, and image classification.

Computer Vision Engineer/ CV Engineer/ Vision Engineer: Skills to learn: Computer vision algorithms, image processing, deep learning frameworks (e.g., TensorFlow, PyTorch), programming languages (e.g., Python, C++), and understanding of image recognition technologies.
question: What distinguishes a computer vision engineer from a natural language processing engineer?
Answer the question based on the provided context","Computer vision engineers specialize in developing and implementing computer vision systems, which enable computers to interpret and understand the visual world. They work on creating algorithms and models that allow machines to perceive and interpret visual information from the physical world, enabling applications such as facial recognition, object detection, and image classification.  NLP engineers focus on developing and implementing natural language processing (NLP) systems and applications. They work on creating algorithms and models that enable computers to understand, interpret, and generate human language in a valuable way.",professions_difference
"context: Data and Analytics Manager: Data and analytics managers oversee the strategic planning and execution of data initiatives within an organization. They lead teams responsible for data governance, analytics, and business intelligence, ensuring that data resources are utilized effectively to support decision-making and drive business growth.

Data and Analytics Manager: Skills to learn: Data strategy, data governance, team management, data visualization, business intelligence tools, project management, and understanding of data security and compliance.

Artificial Intelligence Specialist: Artificial intelligence specialists focus on developing and implementing AI solutions, including natural language processing, computer vision, and machine learning applications. They work on creating intelligent systems that can learn, adapt, and perform tasks traditionally requiring human intelligence, driving innovation and efficiency across various industries.
question: How does a data and analytics manager differ from an artificial intelligence specialist?
Answer the question based on the provided context","Data and analytics managers oversee the strategic planning and execution of data initiatives within an organization. They lead teams responsible for data governance, analytics, and business intelligence, ensuring that data resources are utilized effectively to support decision-making and drive business growth.  Artificial intelligence specialists focus on developing and implementing AI solutions, including natural language processing, computer vision, and machine learning applications. They work on creating intelligent systems that can learn, adapt, and perform tasks traditionally requiring human intelligence, driving innovation and efficiency across various industries. ",professions_difference
"context: Big Data Engineer: Skills to learn: Proficiency in big data technologies (e.g., Hadoop, Spark, Kafka), data processing frameworks, distributed computing, data pipeline development, cloud platforms (e.g., AWS, Azure, GCP), and understanding of data governance and privacy regulations.

Machine Learning Engineer/ ML Engineer: Skills to learn: Machine learning algorithms, deep learning, neural networks, programming languages (e.g., Python, R), data preprocessing, model deployment, and understanding of cloud platforms.

Data Scientist: Skills to learn: Machine learning, Data Science, statistical analysis, data mining, programming languages (e.g., Python, R), big data technologies, data visualization, and domain knowledge in the relevant industry.
question: I am proficient in cloud computing platforms, Azure, Python, data analysis, and machine learning. What profession suits me?
Answer the question based on the provided context","With proficiency in cloud computing platforms, Azure, Python, data analysis, and machine learning, the profession of Data Scientist suits you best.",profession_for_skills
"context: Business Intelligence Analyst/ BI Analyst: Skills to learn: Data analysis and visualization tools, SQL and database querying, data modeling, business acumen, and the ability to translate data into actionable insights.

Data Analyst: Skills to learn: Data analysis, SQL, data visualization tools (e.g., Tableau, Power BI), statistical analysis, programming languages (e.g., Python, R), and understanding of data modeling and reporting.

Data Scientist: Data scientists utilize advanced analytical and programming skills to explore, interpret, and extract valuable insights from large, complex datasets. They apply statistical models, machine learning algorithms, and predictive analytics to solve business problems, identify opportunities, and support data-driven decision-making.
question: I am knowledgeable in data analysis, data visualization tools, and Power BI. What profession aligns with my expertise?
Answer the question based on the provided context","A profession that aligns with your expertise in data analysis, data visualization tools, and Power BI is Business Intelligence Analyst/BI Analyst.",profession_for_skills
"context: Machine Learning Engineer/ ML Engineer: Machine learning engineers develop and deploy machine learning models and systems that enable computers to perform tasks without explicit programming. They work on designing, implementing, and optimizing machine learning algorithms and models, often in collaboration with data scientists and software developers, to create intelligent solutions for various applications.

Machine Learning Engineer/ ML Engineer: Skills to learn: Machine learning algorithms, deep learning, neural networks, programming languages (e.g., Python, R), data preprocessing, model deployment, and understanding of cloud platforms.

Artificial Intelligence Specialist/ AI Specialist/ AI Engineer: Skills to learn: Machine learning, deep learning, natural language processing (NLP), computer vision, neural networks, programming languages (e.g., Python, R), and understanding of AI ethics and regulations.
question: What is expected from a machine learning engineer in their role?
Answer the question based on the provided context","Machine learning engineers develop and deploy machine learning models and systems that enable computers to perform tasks without explicit programming. They work on designing, implementing, and optimizing machine learning algorithms and models, often in collaboration with data scientists and software developers, to create intelligent solutions for various applications.",profession_description
"context: DevOps Engineer: Skills to learn: Continuous integration/continuous deployment (CI/CD), containerization (e.g., Docker, Kubernetes), infrastructure as code (IaC), scripting languages (e.g., Bash, Python), and cloud platforms.

MLOps Engineer: Skills to learn: Machine learning model deployment, version control, continuous integration/continuous deployment (CI/CD), containerization, cloud platforms, and understanding of machine learning lifecycle management.

Full Stack Developer: Skills to learn: Proficiency in front-end technologies (e.g., HTML, CSS, JavaScript), back-end frameworks (e.g., Node.js, Django, Ruby on Rails), databases (e.g., MySQL, MongoDB), version control (e.g., Git), and familiarity with web development tools and libraries (e.g., React, Angular, Vue.js).
question: My skills include Docker, Kubernetes, CI/CD, Python, and Linux. What career path should I consider?
Answer the question based on the provided context","With expertise in Docker, Kubernetes, CI/CD, Python, and Linux, a career path as a DevOps Engineer would align well with your skill set.",profession_for_skills
"context: Big Data Engineer: Skills to learn: Proficiency in big data technologies (e.g., Hadoop, Spark, Kafka), data processing frameworks, distributed computing, data pipeline development, cloud platforms (e.g., AWS, Azure, GCP), and understanding of data governance and privacy regulations.

Machine Learning Engineer/ ML Engineer: Skills to learn: Machine learning algorithms, deep learning, neural networks, programming languages (e.g., Python, R), data preprocessing, model deployment, and understanding of cloud platforms.

Data Scientist: Skills to learn: Machine learning, Data Science, statistical analysis, data mining, programming languages (e.g., Python, R), big data technologies, data visualization, and domain knowledge in the relevant industry.
question: I am knowledgeable in cloud computing platforms, Azure, Python, data analysis, and machine learning. What profession suits me?
Answer the question based on the provided context","With your expertise in cloud computing platforms, Python, data analysis, and machine learning, a career as a Machine Learning Engineer or a Data Scientist would suit you well.",profession_for_skills
"context: Deep Learning Engineer: Skills to learn: Deep learning frameworks (e.g., TensorFlow, PyTorch), neural networks, computer vision, natural language processing (NLP), programming languages (e.g., Python, R), and understanding of model optimization.

Deep Learning Engineer
Deep learning engineers specialize in developing and implementing deep learning systems, which are a subset of machine learning algorithms that are particularly effective for complex data analysis. They work on creating neural networks that are capable of learning from large amounts of data and making predictions or decisions based on that data.

NLP Engineer/ Natural Language processing engineer
NLP engineers focus on developing and implementing natural language processing (NLP) systems and applications. They work on creating algorithms and models that enable computers to understand, interpret, and generate human language in a valuable way.
question: What sets apart a deep learning engineer from a natural language processing engineer?
Answer the question based on the provided context","Deep learning engineers specialize in developing and implementing deep learning systems, which are a subset of machine learning algorithms that are particularly effective for complex data analysis. They work on creating neural networks that are capable of learning from large amounts of data and making predictions or decisions based on that data.  NLP engineers focus on developing and implementing natural language processing (NLP) systems and applications. They work on creating algorithms and models that enable computers to understand, interpret, and generate human language in a valuable way.",professions_difference
"context: Machine Learning Engineer/ ML Engineer: Skills to learn: Machine learning algorithms, deep learning, neural networks, programming languages (e.g., Python, R), data preprocessing, model deployment, and understanding of cloud platforms.

Big Data Engineer: Skills to learn: Proficiency in big data technologies (e.g., Hadoop, Spark, Kafka), data processing frameworks, distributed computing, data pipeline development, cloud platforms (e.g., AWS, Azure, GCP), and understanding of data governance and privacy regulations.

Data Scientist: Skills to learn: Machine learning, Data Science, statistical analysis, data mining, programming languages (e.g., Python, R), big data technologies, data visualization, and domain knowledge in the relevant industry.
question: I have experience in cloud computing platforms, GCP, Python, data analysis, and machine learning. What profession aligns with my expertise?
Answer the question based on the provided context","Based on your experience in cloud computing platforms like GCP, Python, data analysis, and machine learning, the profession that aligns with your expertise is a Machine Learning Engineer/ML Engineer.",profession_for_skills
"context: MLOps Engineer: Skills to learn: Machine learning model deployment, version control, continuous integration/continuous deployment (CI/CD), containerization, cloud platforms, and understanding of machine learning lifecycle management.

DevOps Engineer: Skills to learn: Continuous integration/continuous deployment (CI/CD), containerization (e.g., Docker, Kubernetes), infrastructure as code (IaC), scripting languages (e.g., Bash, Python), and cloud platforms.

Machine Learning Engineer/ ML Engineer: Skills to learn: Machine learning algorithms, deep learning, neural networks, programming languages (e.g., Python, R), data preprocessing, model deployment, and understanding of cloud platforms.
question: What do I need to learn to become an MLOps Engineer?
Answer the question based on the provided context","To become an MLOps Engineer, focus on mastering skills such as Machine learning model deployment, version control, continuous integration/continuous deployment (CI/CD), containerization, cloud platforms, and understanding of machine learning lifecycle management.",skills_required_for_profession
"context: DevOps Engineer
DevOps engineers are responsible for bridging the gap between development and operations teams, advocating for automation and monitoring at all stages of software construction. They oversee code releases, implement continuous integration and deployment, and ensure that the infrastructure needed to support software code is operating efficiently.

DevOps Engineer: Skills to learn: Continuous integration/continuous deployment (CI/CD), containerization (e.g., Docker, Kubernetes), infrastructure as code (IaC), scripting languages (e.g., Bash, Python), and cloud platforms.

MLOps Engineer: Skills to learn: Machine learning model deployment, version control, continuous integration/continuous deployment (CI/CD), containerization, cloud platforms, and understanding of machine learning lifecycle management.
question: What is expected from a DevOps engineer in their role?
Answer the question based on the provided context","DevOps engineers are responsible for bridging the gap between development and operations teams, advocating for automation and monitoring at all stages of software construction. They oversee code releases, implement continuous integration and deployment, and ensure that the infrastructure needed to support software code is operating efficiently.",profession_description
"context: Data Analyst: Data analysts are tasked with interpreting and analyzing complex data sets to uncover insights that can inform business decisions. They use statistical methods and visualization techniques to present their findings in a clear and understandable manner, helping organizations understand trends, make strategic choices, and optimize performance.

Data Analyst: Skills to learn: Data analysis, SQL, data visualization tools (e.g., Tableau, Power BI), statistical analysis, programming languages (e.g., Python, R), and understanding of data modeling and reporting.

Data Scientist: Data scientists utilize advanced analytical and programming skills to explore, interpret, and extract valuable insights from large, complex datasets. They apply statistical models, machine learning algorithms, and predictive analytics to solve business problems, identify opportunities, and support data-driven decision-making.
question: What is the role of a data analyst?
Answer the question based on the provided context","A data analyst interprets and analyzes complex datasets to uncover insights for business decisions. They utilize statistical methods and visualization techniques to present findings, aiding in understanding trends and optimizing performance. Key skills include data analysis, SQL, data visualization tools (e.g., Tableau, Power BI), statistical analysis, programming (Python, R), and understanding data modeling and reporting.",profession_description
"context: Data Engineer Salary/ Annual Income/ Compensation: CAD 70,000 - CAD 120,000

Data Scientist Salary/ Annual Income/ Compensation: CAD 80,000 - CAD 140,000

Big Data Engineer Salary/ Annual Income/ Compensation: CAD 85,000 - CAD 145,000
question: How much does a Senior Data Engineer usually earn?
Answer the question based on the provided context","A Senior Data Engineer typically earns between CAD 70,000 and CAD 120,000 per year.",professions_salary
"context: DevOps Engineer
DevOps engineers are responsible for bridging the gap between development and operations teams, advocating for automation and monitoring at all stages of software construction. They oversee code releases, implement continuous integration and deployment, and ensure that the infrastructure needed to support software code is operating efficiently.

DevOps Engineer: Skills to learn: Continuous integration/continuous deployment (CI/CD), containerization (e.g., Docker, Kubernetes), infrastructure as code (IaC), scripting languages (e.g., Bash, Python), and cloud platforms.

MLOps Engineer: Skills to learn: Machine learning model deployment, version control, continuous integration/continuous deployment (CI/CD), containerization, cloud platforms, and understanding of machine learning lifecycle management.
question: How does a DevOps engineer contribute to software development and deployment processes?
Answer the question based on the provided context","DevOps engineers are responsible for bridging the gap between development and operations teams, advocating for automation and monitoring at all stages of software construction. They oversee code releases, implement continuous integration and deployment, and ensure that the infrastructure needed to support software code is operating efficiently.",profession_description
"context: NLP Engineer/ Natural Language processing engineer: Skills to learn: Natural language processing (NLP) techniques, text mining, sentiment analysis, language modeling, programming languages (e.g., Python, R), and understanding of linguistic principles.

NLP Engineer/ Natural Language processing engineer
NLP engineers focus on developing and implementing natural language processing (NLP) systems and applications. They work on creating algorithms and models that enable computers to understand, interpret, and generate human language in a valuable way.

Artificial Intelligence Specialist/ AI Specialist/ AI Engineer: Skills to learn: Machine learning, deep learning, natural language processing (NLP), computer vision, neural networks, programming languages (e.g., Python, R), and understanding of AI ethics and regulations.
question: What skills are required for someone working as an NLP engineer?
Answer the question based on the provided context","Skills required for an NLP engineer include natural language processing (NLP) techniques, text mining, sentiment analysis, language modeling, programming languages (e.g., Python, R), and understanding of linguistic principles.Skills required for an NLP engineer include natural language processing (NLP) techniques, text mining, sentiment analysis, language modeling, programming languages (e.g., Python, R), and understanding of linguistic principles.",skills_required_for_profession
"context: Data Engineer: Skills to learn: SQL, Python, data warehousing, ETL (Extract, Transform, Load) tools, database design, cloud platforms (e.g., AWS, GCP), big data technologies (e.g., Hadoop, Spark), and data visualization.

Data Architect: Skills to learn: Data modeling, database design, ETL (Extract, Transform, Load) processes, understanding of cloud platforms, big data technologies, and data governance.

Database Administrator/DB Administrator: Skills to learn: Database management systems (e.g., SQL Server, Oracle, MySQL), data security, backup and recovery, database performance tuning, and query optimization.
question: I have experience in data modeling, ETL, SQL, Spark, and Python. What role suits me the best?
Answer the question based on the provided context","With your experience in data modeling, ETL, SQL, Spark, and Python, a role as a Data Engineer would be the most suitable for you.",profession_for_skills
"context: Data Scientist: Data scientists utilize advanced analytical and programming skills to explore, interpret, and extract valuable insights from large, complex datasets. They apply statistical models, machine learning algorithms, and predictive analytics to solve business problems, identify opportunities, and support data-driven decision-making.

Data and Analytics Manager: Data and analytics managers oversee the strategic planning and execution of data initiatives within an organization. They lead teams responsible for data governance, analytics, and business intelligence, ensuring that data resources are utilized effectively to support decision-making and drive business growth.

Data Analyst: Data analysts are tasked with interpreting and analyzing complex data sets to uncover insights that can inform business decisions. They use statistical methods and visualization techniques to present their findings in a clear and understandable manner, helping organizations understand trends, make strategic choices, and optimize performance.
question: In what ways does a data scientist support predictive analytics?
Answer the question based on the provided context","Data scientists utilize advanced analytical and programming skills to explore, interpret, and extract valuable insights from large, complex datasets. They apply statistical models, machine learning algorithms, and predictive analytics to solve business problems, identify opportunities, and support data-driven decision-making.",profession_description
"context: Data Analyst: Data analysts are tasked with interpreting and analyzing complex data sets to uncover insights that can inform business decisions. They use statistical methods and visualization techniques to present their findings in a clear and understandable manner, helping organizations understand trends, make strategic choices, and optimize performance.

Data Analyst: Skills to learn: Data analysis, SQL, data visualization tools (e.g., Tableau, Power BI), statistical analysis, programming languages (e.g., Python, R), and understanding of data modeling and reporting.

Data Engineer: A data engineer designs, builds, and maintains the architecture that allows for the processing and storage of large datasets. They are responsible for developing and managing the infrastructure for data generation, collection, and storage, ensuring data availability and reliability for the organization's analytical and operational needs.
question: How does a data engineer differ from a data analyst?
Answer the question based on the provided context","A data engineer designs, builds, and maintains the architecture that allows for the processing and storage of large datasets. They are responsible for developing and managing the infrastructure for data generation, collection, and storage, ensuring data availability and reliability for the organization's analytical and operational needs.  Data analysts are tasked with interpreting and analyzing complex data sets to uncover insights that can inform business decisions. They use statistical methods and visualization techniques to present their findings in a clear and understandable manner, helping organizations understand trends, make strategic choices, and optimize performance. ",professions_difference
"context: Machine Learning Engineer/ ML Engineer- Salary/ Annual Income/ Compensation: CAD 85,000 - CAD 150,000

Deep Learning Engineer Salary/ Annual Income/ Compensation: CAD 90,000 - CAD 155,000

Artificial Intelligence Specialist Salary/ Annual Income/ Compensation: CAD 85,000 - CAD 145,000
question: What's the salary range for a Machine Learning Engineer in Canada?
Answer the question based on the provided context","The salary range for a Machine Learning Engineer is typically between CAD 85,000 and CAD 150,000 annually",professions_salary
"context: DevOps Engineer: Skills to learn: Continuous integration/continuous deployment (CI/CD), containerization (e.g., Docker, Kubernetes), infrastructure as code (IaC), scripting languages (e.g., Bash, Python), and cloud platforms.

DevOps Engineer
DevOps engineers are responsible for bridging the gap between development and operations teams, advocating for automation and monitoring at all stages of software construction. They oversee code releases, implement continuous integration and deployment, and ensure that the infrastructure needed to support software code is operating efficiently.

MLOps Engineer: Skills to learn: Machine learning model deployment, version control, continuous integration/continuous deployment (CI/CD), containerization, cloud platforms, and understanding of machine learning lifecycle management.
question: What are the skills required for a DevOps engineer?
Answer the question based on the provided context","DevOps engineers require skills in continuous integration/continuous deployment (CI/CD), containerization (e.g., Docker, Kubernetes), infrastructure as code (IaC), scripting languages (e.g., Bash, Python), and cloud platforms.",skills_required_for_profession
"context: Network Administrator: Network administrators manage and maintain an organization's computer networks. They ensure network functionality, performance, and security, and address any issues that may arise.

Cyber Security Specialist: Cyber security specialists focus on safeguarding computer systems and networks from security threats. They implement security measures, conduct risk assessments, and respond to security incidents to protect organizations' digital assets.

Network Administrator: Skills to learn: Network configuration, troubleshooting, security protocols (e.g., SSL, VPN), network monitoring tools, understanding of TCP/IP, DNS, DHCP, routing, and familiarity with network hardware and software.
question: What are the primary differences between a cyber security specialist and a network administrator?
Answer the question based on the provided context","Cyber security specialists focus on safeguarding computer systems and networks from security threats. They implement security measures, conduct risk assessments, and respond to security incidents to protect organizations' digital assets.  Network administrators manage and maintain an organization's computer networks. They ensure network functionality, performance, and security, and address any issues that may arise. ",professions_difference
"context: DevOps Engineer
DevOps engineers are responsible for bridging the gap between development and operations teams, advocating for automation and monitoring at all stages of software construction. They oversee code releases, implement continuous integration and deployment, and ensure that the infrastructure needed to support software code is operating efficiently.

DevOps Engineer: Skills to learn: Continuous integration/continuous deployment (CI/CD), containerization (e.g., Docker, Kubernetes), infrastructure as code (IaC), scripting languages (e.g., Bash, Python), and cloud platforms.

MLOps Engineer: Skills to learn: Machine learning model deployment, version control, continuous integration/continuous deployment (CI/CD), containerization, cloud platforms, and understanding of machine learning lifecycle management.
question: What does a DevOps engineer do on a daily basis?
Answer the question based on the provided context","DevOps engineers are responsible for bridging the gap between development and operations teams, advocating for automation and monitoring at all stages of software construction. They oversee code releases, implement continuous integration and deployment, and ensure that the infrastructure needed to support software code is operating efficiently.",profession_description
"context: Network Security Engineer: Network security engineers are responsible for securing an organization's computer networks from cyber threats and attacks. They design and implement security measures, such as firewalls and intrusion detection systems, to protect network infrastructure and data. Network security engineers monitor network traffic, investigate security breaches, and develop strategies to mitigate risks and vulnerabilities.

Network Security Engineer: Skills to learn: Network protocols and architecture, firewall configuration and management, intrusion detection/prevention systems (IDS/IPS), VPN technologies, ethical hacking techniques, and familiarity with security standards and compliance (e.g., ISO 27001, NIST).

Data Engineer: A data engineer designs, builds, and maintains the architecture that allows for the processing and storage of large datasets. They are responsible for developing and managing the infrastructure for data generation, collection, and storage, ensuring data availability and reliability for the organization's analytical and operational needs.
question: How does a network security engineer differ from a data engineer?
Answer the question based on the provided context","Network security engineers are responsible for securing an organization's computer networks from cyber threats and attacks. They design and implement security measures, such as firewalls and intrusion detection systems, to protect network infrastructure and data. Network security engineers monitor network traffic, investigate security breaches, and develop strategies to mitigate risks and vulnerabilities.  A data engineer designs, builds, and maintains the architecture that allows for the processing and storage of large datasets. They are responsible for developing and managing the infrastructure for data generation, collection, and storage, ensuring data availability and reliability for the organization's analytical and operational needs.",professions_difference
"context: Data Analyst: Data analysts are tasked with interpreting and analyzing complex data sets to uncover insights that can inform business decisions. They use statistical methods and visualization techniques to present their findings in a clear and understandable manner, helping organizations understand trends, make strategic choices, and optimize performance.

Data Engineer: A data engineer designs, builds, and maintains the architecture that allows for the processing and storage of large datasets. They are responsible for developing and managing the infrastructure for data generation, collection, and storage, ensuring data availability and reliability for the organization's analytical and operational needs.

Data Analyst: Skills to learn: Data analysis, SQL, data visualization tools (e.g., Tableau, Power BI), statistical analysis, programming languages (e.g., Python, R), and understanding of data modeling and reporting.
question: What distinguishes a data analyst from a data engineer?
Answer the question based on the provided context","Data analysts are tasked with interpreting and analyzing complex data sets to uncover insights that can inform business decisions. They use statistical methods and visualization techniques to present their findings in a clear and understandable manner, helping organizations understand trends, make strategic choices, and optimize performance.  A data engineer designs, builds, and maintains the architecture that allows for the processing and storage of large datasets. They are responsible for developing and managing the infrastructure for data generation, collection, and storage, ensuring data availability and reliability for the organization's analytical and operational needs.",professions_difference
"context: Data Engineer: Skills to learn: SQL, Python, data warehousing, ETL (Extract, Transform, Load) tools, database design, cloud platforms (e.g., AWS, GCP), big data technologies (e.g., Hadoop, Spark), and data visualization.

Data Architect: Skills to learn: Data modeling, database design, ETL (Extract, Transform, Load) processes, understanding of cloud platforms, big data technologies, and data governance.

Database Administrator/DB Administrator: Skills to learn: Database management systems (e.g., SQL Server, Oracle, MySQL), data security, backup and recovery, database performance tuning, and query optimization.
question: I have experience in data modeling, ETL, SQL, Spark, and Python. What role suits me the best?
Answer the question based on the provided context","Based on your experience in data modeling, ETL, SQL, Spark, and Python, the role that suits you the best is likely a Data Engineer.",profession_for_skills
"context: Data Engineer: Skills to learn: SQL, Python, data warehousing, ETL (Extract, Transform, Load) tools, database design, cloud platforms (e.g., AWS, GCP), big data technologies (e.g., Hadoop, Spark), and data visualization.

Data Scientist: Skills to learn: Machine learning, statistical analysis, data mining, programming languages (e.g., Python, R), big data technologies, data visualization, and domain knowledge in the relevant industry.

Data Engineer: A data engineer designs, builds, and maintains the architecture that allows for the processing and storage of large datasets. They are responsible for developing and managing the infrastructure for data generation, collection, and storage, ensuring data availability and reliability for the organization's analytical and operational needs.
question: What skills are required for someone working as a data engineer?
Answer the question based on the provided context","Skills required for a data engineer include SQL, Python, data warehousing, ETL tools, database design, cloud platforms (e.g., AWS, GCP), big data technologies (e.g., Hadoop, Spark), and data visualization. ",skills_required_for_profession
"context: Network Security Engineer: Network security engineers are responsible for securing an organization's computer networks from cyber threats and attacks. They design and implement security measures, such as firewalls and intrusion detection systems, to protect network infrastructure and data. Network security engineers monitor network traffic, investigate security breaches, and develop strategies to mitigate risks and vulnerabilities.

Network Security Engineer: Skills to learn: Network protocols and architecture, firewall configuration and management, intrusion detection/prevention systems (IDS/IPS), VPN technologies, ethical hacking techniques, and familiarity with security standards and compliance (e.g., ISO 27001, NIST).

Data Engineer: A data engineer designs, builds, and maintains the architecture that allows for the processing and storage of large datasets. They are responsible for developing and managing the infrastructure for data generation, collection, and storage, ensuring data availability and reliability for the organization's analytical and operational needs.
question: How does a data engineer differ from a network security engineer?
Answer the question based on the provided context","A data engineer designs, builds, and maintains the architecture that allows for the processing and storage of large datasets. They are responsible for developing and managing the infrastructure for data generation, collection, and storage, ensuring data availability and reliability for the organization's analytical and operational needs.  Network security engineers are responsible for securing an organization's computer networks from cyber threats and attacks. They design and implement security measures, such as firewalls and intrusion detection systems, to protect network infrastructure and data. Network security engineers monitor network traffic, investigate security breaches, and develop strategies to mitigate risks and vulnerabilities.",professions_difference
"context: Data Analyst: Skills to learn: Data analysis, SQL, data visualization tools (e.g., Tableau, Power BI), statistical analysis, programming languages (e.g., Python, R), and understanding of data modeling and reporting.

Business Intelligence Analyst/ BI Analyst: Skills to learn: Data analysis and visualization tools, SQL and database querying, data modeling, business acumen, and the ability to translate data into actionable insights.

Data Scientist: Skills to learn: Machine learning, statistical analysis, data mining, programming languages (e.g., Python, R), big data technologies, data visualization, and domain knowledge in the relevant industry.
question: What are the skills required for a data analyst?
Answer the question based on the provided context","Skills required for a data analyst include data analysis, SQL, data visualization tools (e.g., Tableau, Power BI), statistical analysis, programming languages (e.g., Python, R), and understanding of data modeling and reporting.",skills_required_for_profession
"context: NLP Engineer/ Natural Language processing engineer
NLP engineers focus on developing and implementing natural language processing (NLP) systems and applications. They work on creating algorithms and models that enable computers to understand, interpret, and generate human language in a valuable way.

Computer Vision Engineer/ CV Engineer
Computer vision engineers specialize in developing and implementing computer vision systems, which enable computers to interpret and understand the visual world. They work on creating algorithms and models that allow machines to perceive and interpret visual information from the physical world, enabling applications such as facial recognition, object detection, and image classification.

NLP Engineer/ Natural Language Processing Engineer Salary/ Annual Income/ Compensation: CAD 85,000 - CAD 145,000
question: How does a natural language processing engineer differ from a computer vision engineer?
Answer the question based on the provided context","NLP engineers focus on developing and implementing natural language processing (NLP) systems and applications. They work on creating algorithms and models that enable computers to understand, interpret, and generate human language in a valuable way.  Computer vision engineers specialize in developing and implementing computer vision systems, which enable computers to interpret and understand the visual world. They work on creating algorithms and models that allow machines to perceive and interpret visual information from the physical world, enabling applications such as facial recognition, object detection, and image classification.",professions_difference
"context: Full Stack Developer: Skills to learn: Proficiency in front-end technologies (e.g., HTML, CSS, JavaScript), back-end frameworks (e.g., Node.js, Django, Ruby on Rails), databases (e.g., MySQL, MongoDB), version control (e.g., Git), and familiarity with web development tools and libraries (e.g., React, Angular, Vue.js).

Web Developer: Skills to learn: Proficiency in HTML, CSS, JavaScript, web development frameworks (e.g., React, Angular), responsive design, web performance optimization, and understanding of web development best practices.

Software Developer: Skills to learn: Proficiency in programming languages (e.g., Java, Python, C++), software development methodologies, problem-solving, debugging, version control systems, and understanding of software architecture and design patterns.
question: I am proficient in Agile, React, JavaScript, and CSS. What role suits me the best?
Answer the question based on the provided context","With proficiency in Agile, React, JavaScript, and CSS, the role that suits you the best is Full Stack Developer.",profession_for_skills
"context: Network Administrator: Network administrators manage and maintain an organization's computer networks. They ensure network functionality, performance, and security, and address any issues that may arise.

Network Administrator: Skills to learn: Network configuration, troubleshooting, security protocols (e.g., SSL, VPN), network monitoring tools, understanding of TCP/IP, DNS, DHCP, routing, and familiarity with network hardware and software.

Web Developer: Web developers design, build, and maintain websites. They work with clients and stakeholders to create visually appealing and functional web solutions using various programming languages and web development tools.
question: How does a web developer differ from a network administrator?
Answer the question based on the provided context","Web developers design, build, and maintain websites. They work with clients and stakeholders to create visually appealing and functional web solutions using various programming languages and web development tools.  Network administrators manage and maintain an organization's computer networks. They ensure network functionality, performance, and security, and address any issues that may arise. ",professions_difference
"context: DevOps Engineer Salary/ Annual Income/ Compensation: CAD 80,000 - CAD 140,000

MLOps Engineer Salary/ Annual Income/ Compensation: CAD 85,000 - CAD 145,000

Software Developer Salary/ Annual Income/ Compensation: CAD 65,000 - CAD 110,000
question: Can you give me an idea of the salary range for a Senior DevOps Engineer?
Answer the question based on the provided context","The salary range for a Senior DevOps Engineer typically falls between CAD 80,000 and CAD 140,000 per year.",professions_salary
"context: Blockchain Developer: Skills to learn: Understanding of blockchain technology, proficiency in blockchain platforms (e.g., Ethereum, Hyperledger), smart contract development (e.g., Solidity), cryptography, decentralized application (DApp) development, and knowledge of blockchain consensus mechanisms.

Blockchain Developer: Blockchain developers design and implement decentralized applications (DApps) using blockchain technology. They are skilled in blockchain platforms and languages like Solidity for Ethereum. Blockchain developers work on developing smart contracts, implementing security measures, and ensuring the integrity and reliability of blockchain networks.

Blockchain Developer Salary/ Annual Income/ Compensation: CAD 80,000 - CAD 140,000
question: I'm interested in becoming a Blockchain Developer. Can you provide an overview of what the role entails?
Answer the question based on the provided context","Blockchain developers design and implement decentralized applications (DApps) using blockchain technology. They are skilled in blockchain platforms and languages like Solidity for Ethereum. Blockchain developers work on developing smart contracts, implementing security measures, and ensuring the integrity and reliability of blockchain networks.",profession_description
"context: Database Administrator: Database administrators are responsible for managing, securing, and optimizing an organization’s databases. They oversee data storage, retrieval, and security, and troubleshoot any database-related issues.

Data Engineer: A data engineer designs, builds, and maintains the architecture that allows for the processing and storage of large datasets. They are responsible for developing and managing the infrastructure for data generation, collection, and storage, ensuring data availability and reliability for the organization's analytical and operational needs.

Database Administrator/DB Administrator: Skills to learn: Database management systems (e.g., SQL Server, Oracle, MySQL), data security, backup and recovery, database performance tuning, and query optimization.
question: How does a data engineer differ from a database administrator?
Answer the question based on the provided context","A data engineer designs, builds, and maintains the architecture that allows for the processing and storage of large datasets. They are responsible for developing and managing the infrastructure for data generation, collection, and storage, ensuring data availability and reliability for the organization's analytical and operational needs.  Database administrators are responsible for managing, securing, and optimizing an organization’s databases. They oversee data storage, retrieval, and security, and troubleshoot any database-related issues.",professions_difference
"context: Big Data Engineer Salary/ Annual Income/ Compensation: CAD 85,000 - CAD 145,000

Data Engineer Salary/ Annual Income/ Compensation: CAD 70,000 - CAD 120,000

Data Architect: CAD 90,000 Salary/ Annual Income/ Compensation- CAD 150,000
question: What's the salary range for a Lead Big Data Engineer?
Answer the question based on the provided context","The salary range for a Lead Big Data Engineer is typically between CAD 85,000 and CAD 145,000 per year.",professions_salary
"context: Game Developer: Game developers create interactive and immersive gaming experiences for various platforms, including consoles, PCs, and mobile devices. They are skilled in programming languages like C++, Unity, and Unreal Engine. Game developers design game mechanics, develop game logic, and optimize game performance to deliver engaging and enjoyable gaming experiences for players.


Game Developer: Skills to learn: Proficiency in game development engines (e.g., Unity, Unreal Engine), programming languages (e.g., C++, C#, Python), game physics and mathematics, 3D modeling and animation, AI programming for games, and knowledge of game design principles and mechanics.


Data Scientist: Data scientists utilize advanced analytical and programming skills to explore, interpret, and extract valuable insights from large, complex datasets. They apply statistical models, machine learning algorithms, and predictive analytics to solve business problems, identify opportunities, and support data-driven decision-making.
question: What sets apart a game developer from a data scientist?
Answer the question based on the provided context","Game developers create interactive and immersive gaming experiences for various platforms, including consoles, PCs, and mobile devices. They are skilled in programming languages like C++, Unity, and Unreal Engine. Game developers design game mechanics, develop game logic, and optimize game performance to deliver engaging and enjoyable gaming experiences for players.  Data scientists utilize advanced analytical and programming skills to explore, interpret, and extract valuable insights from large, complex datasets. They apply statistical models, machine learning algorithms, and predictive analytics to solve business problems, identify opportunities, and support data-driven decision-making.",professions_difference
"context: Database Administrator/DB Administrator: Skills to learn: Database management systems (e.g., SQL Server, Oracle, MySQL), data security, backup and recovery, database performance tuning, and query optimization.

Full Stack Developer: Skills to learn: Proficiency in front-end technologies (e.g., HTML, CSS, JavaScript), back-end frameworks (e.g., Node.js, Django, Ruby on Rails), databases (e.g., MySQL, MongoDB), version control (e.g., Git), and familiarity with web development tools and libraries (e.g., React, Angular, Vue.js).

Database Administrator/ DB Administrator: Skills to learn: Database management systems (e.g., SQL Server, Oracle, MySQL), data security, backup and recovery, database performance tuning, query optimization, and familiarity with database design principles.
question: I have experience in Java, Spring Boot, Hibernate, MySQL, and RESTful APIs. What profession suits me the best?
Answer the question based on the provided context","Based on your experience in Java, Spring Boot, Hibernate, MySQL, and RESTful APIs, the profession that suits you the best would be a Full Stack Developer.",profession_for_skills
"context: DevOps Engineer
DevOps engineers are responsible for bridging the gap between development and operations teams, advocating for automation and monitoring at all stages of software construction. They oversee code releases, implement continuous integration and deployment, and ensure that the infrastructure needed to support software code is operating efficiently.

DevOps Engineer: Skills to learn: Continuous integration/continuous deployment (CI/CD), containerization (e.g., Docker, Kubernetes), infrastructure as code (IaC), scripting languages (e.g., Bash, Python), and cloud platforms.

Software Developer: Software developers are proficient in programming languages and are responsible for designing, creating, and maintaining software applications. They work in collaboration with teams to develop user-friendly and efficient software solutions.
question: In what ways does a DevOps engineer support collaborative software development?
Answer the question based on the provided context","DevOps engineers are responsible for bridging the gap between development and operations teams, advocating for automation and monitoring at all stages of software construction. They oversee code releases, implement continuous integration and deployment, and ensure that the infrastructure needed to support software code is operating efficiently.",profession_description
"context: Data Engineer Salary/ Annual Income/ Compensation: CAD 70,000 - CAD 120,000

Data Scientist Salary/ Annual Income/ Compensation: CAD 80,000 - CAD 140,000

Data Analyst Salary/ Annual Income/ Compensation: CAD 55,000 - CAD 95,000
question: What's the salary range for a Data Engineer in Canada?
Answer the question based on the provided context","The salary range for a Data Engineer in Canada is CAD 70,000 to CAD 120,000 annually.",professions_salary
"context: DevOps Engineer: Skills to learn: Continuous integration/continuous deployment (CI/CD), containerization (e.g., Docker, Kubernetes), infrastructure as code (IaC), scripting languages (e.g., Bash, Python), and cloud platforms.

DevOps Engineer
DevOps engineers are responsible for bridging the gap between development and operations teams, advocating for automation and monitoring at all stages of software construction. They oversee code releases, implement continuous integration and deployment, and ensure that the infrastructure needed to support software code is operating efficiently.

MLOps Engineer: Skills to learn: Machine learning model deployment, version control, continuous integration/continuous deployment (CI/CD), containerization, cloud platforms, and understanding of machine learning lifecycle management.
question: What skills are required for someone working as a DevOps engineer?
Answer the question based on the provided context","Skills required for a DevOps engineer include continuous integration/continuous deployment (CI/CD), containerization (e.g., Docker, Kubernetes), infrastructure as code (IaC), scripting languages (e.g., Bash, Python), and cloud platforms. ",skills_required_for_profession
"context: DevOps Engineer: Skills to learn: Continuous integration/continuous deployment (CI/CD), containerization (e.g., Docker, Kubernetes), infrastructure as code (IaC), scripting languages (e.g., Bash, Python), and cloud platforms.

Data Engineer: Skills to learn: SQL, Python, data warehousing, ETL (Extract, Transform, Load) tools, database design, cloud platforms (e.g., AWS, GCP), big data technologies (e.g., Hadoop, Spark), and data visualization.

Full Stack Developer: Skills to learn: Proficiency in front-end technologies (e.g., HTML, CSS, JavaScript), back-end frameworks (e.g., Node.js, Django, Ruby on Rails), databases (e.g., MySQL, MongoDB), version control (e.g., Git), and familiarity with web development tools and libraries (e.g., React, Angular, Vue.js).
question: My skills include AWS, Python, CI/CD, and Docker. What career path should I consider?
Answer the question based on the provided context","With skills in AWS, Python, CI/CD, and Docker, you would be well-suited for a career path as a DevOps Engineer.",profession_for_skills
"context: Deep Learning Engineer: Skills to learn: Deep learning frameworks (e.g., TensorFlow, PyTorch), neural networks, computer vision, natural language processing (NLP), programming languages (e.g., Python, R), and understanding of model optimization.

NLP Engineer/ Natural Language processing engineer: Skills to learn: Natural language processing (NLP) techniques, text mining, sentiment analysis, language modeling, programming languages (e.g., Python, R), and understanding of linguistic principles.

Artificial Intelligence Specialist/ AI Specialist/ AI Engineer: Skills to learn: Artificial Intelligence, Machine learning, deep learning, natural language processing (NLP), computer vision, neural networks, programming languages (e.g., Python, R), and understanding of AI ethics and regulations.
question: With proficiency in NLP techniques, Python, TensorFlow, PyTorch, and deep learning frameworks, what career should I pursue?
Answer the question based on the provided context","With proficiency in NLP techniques, Python, TensorFlow, PyTorch, and deep learning frameworks, a career as an NLP Engineer or an Artificial Intelligence Specialist would align well with your expertise.",profession_for_skills
"context: Computer Vision Engineer/ CV Engineer Salary/ Annual Income/ Compensation: CAD 90,000 - CAD 155,000

Machine Learning Engineer/ ML Engineer- Salary/ Annual Income/ Compensation: CAD 85,000 - CAD 150,000

Deep Learning Engineer Salary/ Annual Income/ Compensation: CAD 90,000 - CAD 155,000
question: How much does a Principal Computer Vision Engineer usually earn?
Answer the question based on the provided context","The salary range for a Principal Computer Vision Engineer typically falls between CAD 90,000 and CAD 155,000 annually.",professions_salary
"context: Data Engineer: Skills to learn: SQL, Python, data warehousing, ETL (Extract, Transform, Load) tools, database design, cloud platforms (e.g., AWS, GCP), big data technologies (e.g., Hadoop, Spark), and data visualization.

Data Analyst: Skills to learn: Data analysis, SQL, data visualization tools (e.g., Tableau, Power BI), statistical analysis, programming languages (e.g., Python, R), and understanding of data modeling and reporting.

Data Architect: Skills to learn: Data modeling, database design, ETL (Extract, Transform, Load) processes, understanding of cloud platforms, big data technologies, and data governance.
question: With expertise in data modeling, ETL, SQL, Spark, and data analysis visualization tools, what profession should I consider?
Answer the question based on the provided context","With expertise in data modeling, ETL, SQL, Spark, and data analysis visualization tools, the profession that aligns best with your skills is likely a Data Engineer.",profession_for_skills
"context: NLP Engineer/ Natural Language processing engineer: Skills to learn: Natural language processing (NLP) techniques, text mining, sentiment analysis, language modeling, programming languages (e.g., Python, R), and understanding of linguistic principles.

Artificial Intelligence Specialist/ AI Specialist/ AI Engineer: Skills to learn: Artificial Intelligence, Machine learning, deep learning, natural language processing (NLP), computer vision, neural networks, programming languages (e.g., Python, R), and understanding of AI ethics and regulations.

Deep Learning Engineer: Skills to learn: Deep learning frameworks (e.g., TensorFlow, PyTorch), neural networks, computer vision, natural language processing (NLP), programming languages (e.g., Python, R), and understanding of model optimization.
question: With proficiency in natural language processing (NLP) techniques, Python, machine learning, and TensorFlow, what career should I pursue?
Answer the question based on the provided context","With proficiency in natural language processing (NLP) techniques, Python, machine learning, and TensorFlow, a career path that aligns with your expertise would be a Deep Learning Engineer.",profession_for_skills
"context: MLOps Engineer: Skills to learn: Machine learning model deployment, version control, continuous integration/continuous deployment (CI/CD), containerization, cloud platforms, and understanding of machine learning lifecycle management.

MLOps Engineer
MLOps engineers focus on the deployment, monitoring, and management of machine learning models in production. They work to streamline the process of taking machine learning models from development to deployment, ensuring that models are scalable, reliable, and maintainable in real-world applications.

DevOps Engineer
DevOps engineers are responsible for bridging the gap between development and operations teams, advocating for automation and monitoring at all stages of software construction. They oversee code releases, implement continuous integration and deployment, and ensure that the infrastructure needed to support software code is operating efficiently.
question: What tasks does an MLOps engineer typically undertake?
Answer the question based on the provided context","MLOps engineers focus on the deployment, monitoring, and management of machine learning models in production. They work to streamline the process of taking machine learning models from development to deployment, ensuring that models are scalable, reliable, and maintainable in real-world applications.",profession_description
"context: DevOps Engineer
DevOps engineers are responsible for bridging the gap between development and operations teams, advocating for automation and monitoring at all stages of software construction. They oversee code releases, implement continuous integration and deployment, and ensure that the infrastructure needed to support software code is operating efficiently.

DevOps Engineer: Skills to learn: Continuous integration/continuous deployment (CI/CD), containerization (e.g., Docker, Kubernetes), infrastructure as code (IaC), scripting languages (e.g., Bash, Python), and cloud platforms.

MLOps Engineer: Skills to learn: Machine learning model deployment, version control, continuous integration/continuous deployment (CI/CD), containerization, cloud platforms, and understanding of machine learning lifecycle management.
question: What tasks does a DevOps engineer typically undertake?
Answer the question based on the provided context","DevOps engineers are responsible for bridging the gap between development and operations teams, advocating for automation and monitoring at all stages of software construction. They oversee code releases, implement continuous integration and deployment, and ensure that the infrastructure needed to support software code is operating efficiently.",profession_description
"context: Network Security Engineer: Network security engineers are responsible for securing an organization's computer networks from cyber threats and attacks. They design and implement security measures, such as firewalls and intrusion detection systems, to protect network infrastructure and data. Network security engineers monitor network traffic, investigate security breaches, and develop strategies to mitigate risks and vulnerabilities.

Network Security Engineer: Skills to learn: Network protocols and architecture, firewall configuration and management, intrusion detection/prevention systems (IDS/IPS), VPN technologies, ethical hacking techniques, and familiarity with security standards and compliance (e.g., ISO 27001, NIST).

Data Engineer: A data engineer designs, builds, and maintains the architecture that allows for the processing and storage of large datasets. They are responsible for developing and managing the infrastructure for data generation, collection, and storage, ensuring data availability and reliability for the organization's analytical and operational needs.
question: What sets apart a data engineer from a network security engineer?
Answer the question based on the provided context"," A data engineer designs, builds, and maintains the architecture that allows for the processing and storage of large datasets. They are responsible for developing and managing the infrastructure for data generation, collection, and storage, ensuring data availability and reliability for the organization's analytical and operational needs.  Network security engineers are responsible for securing an organization's computer networks from cyber threats and attacks. They design and implement security measures, such as firewalls and intrusion detection systems, to protect network infrastructure and data. Network security engineers monitor network traffic, investigate security breaches, and develop strategies to mitigate risks and vulnerabilities.",professions_difference
"context: Deep Learning Engineer: Skills to learn: Deep learning frameworks (e.g., TensorFlow, PyTorch), neural networks, computer vision, natural language processing (NLP), programming languages (e.g., Python, R), and understanding of model optimization.

NLP Engineer/ Natural Language processing engineer: Skills to learn: Natural language processing (NLP) techniques, text mining, sentiment analysis, language modeling, programming languages (e.g., Python, R), and understanding of linguistic principles.

Computer Vision Engineer/ CV Engineer/ Vision Engineer: Skills to learn: Computer vision algorithms, image processing, deep learning frameworks (e.g., TensorFlow, PyTorch), programming languages (e.g., Python, C++), and understanding of image recognition technologies.
question: With proficiency in NLP techniques, Python, TensorFlow, PyTorch, and deep learning frameworks, what career path should I consider?
Answer the question based on the provided context","Based on your proficiency in NLP techniques, Python, TensorFlow, PyTorch, and deep learning frameworks, the career path that suits you the best would be either a Deep Learning Engineer or an NLP Engineer/Natural Language Processing Engineer.",profession_for_skills
"context: Network Administrator: Skills to learn: Network configuration, troubleshooting, security protocols (e.g., SSL, VPN), network monitoring tools, understanding of TCP/IP, DNS, DHCP, routing, and familiarity with network hardware and software.

Network Security Engineer: Skills to learn: Network protocols and architecture, firewall configuration and management, intrusion detection/prevention systems (IDS/IPS), VPN technologies, ethical hacking techniques, and familiarity with security standards and compliance (e.g., ISO 27001, NIST).

Computer Network Architect: Skills to learn: Network design and implementation, knowledge of networking protocols, network security, scalability, and familiarity with network hardware and software.
question: My strengths lie in network configuration, DHCP, DNS, network security, and VPN. What career path would be most suitable for me?
Answer the question based on the provided context","Based on your strengths in network configuration, DHCP, DNS, network security, and VPN, the career path most suitable for you would be a Network Security Engineer.",profession_for_skills
"context: Data Analyst: Skills to learn: Data analysis, SQL, data visualization tools (e.g., Tableau, Power BI), statistical analysis, programming languages (e.g., Python, R), and understanding of data modeling and reporting.

Data Scientist: Skills to learn: Machine learning, statistical analysis, data mining, programming languages (e.g., Python, R), big data technologies, data visualization, and domain knowledge in the relevant industry.

Business Intelligence Analyst/ BI Analyst: Skills to learn: Data analysis and visualization tools, SQL and database querying, data modeling, business acumen, and the ability to translate data into actionable insights.
question: What skills are required for someone working as a data analyst?
Answer the question based on the provided context","Skills required for a data analyst include data analysis, SQL, data visualization tools (e.g., Tableau, Power BI), statistical analysis, programming languages (e.g., Python, R), and understanding of data modeling and reporting.",skills_required_for_profession
"context: IT Project Manager: IT project managers plan, execute, and oversee IT projects, ensuring that they are completed within budget and on schedule. They coordinate resources, manage risks, and communicate with stakeholders throughout the project lifecycle.

Web Developer: Web developers design, build, and maintain websites. They work with clients and stakeholders to create visually appealing and functional web solutions using various programming languages and web development tools.

IT Project Manager: Skills to learn: Project management methodologies (e.g., Agile, Waterfall), stakeholder management, risk assessment and management, budgeting, scheduling, resource allocation, and communication skills.
question: What sets apart a web developer from an IT project manager?
Answer the question based on the provided context","Web developers design, build, and maintain websites. They work with clients and stakeholders to create visually appealing and functional web solutions using various programming languages and web development tools.  IT project managers plan, execute, and oversee IT projects, ensuring that they are completed within budget and on schedule. They coordinate resources, manage risks, and communicate with stakeholders throughout the project lifecycle.",professions_difference
"context: Full Stack Developer: Skills to learn: Proficiency in front-end technologies (e.g., HTML, CSS, JavaScript), back-end frameworks (e.g., Node.js, Django, Ruby on Rails), databases (e.g., MySQL, MongoDB), version control (e.g., Git), and familiarity with web development tools and libraries (e.g., React, Angular, Vue.js).

Web Developer: Skills to learn: Proficiency in HTML, CSS, JavaScript, web development frameworks (e.g., React, Angular), responsive design, web performance optimization, and understanding of web development best practices.

React: React is a popular JavaScript library for building user interfaces and single-page applications. It enables the creation of interactive and responsive UI components for web and mobile applications.
question: My skills include React, Node.js, MongoDB, and Git. What role suits me the best?
Answer the question based on the provided context","Based on your knowledge in data analysis, data visualization tools, and Power BI, a profession that aligns with your expertise is Business Intelligence Analyst/BI Analyst. ",profession_for_skills
"context: Network Administrator: Network administrators manage and maintain an organization's computer networks. They ensure network functionality, performance, and security, and address any issues that may arise.

Systems Analyst: Systems analysts analyze an organization’s computer systems and design solutions to help improve efficiency and effectiveness. They work to understand the organization's needs and tailor information systems to meet those requirements.

Network Administrator: Skills to learn: Network configuration, troubleshooting, security protocols (e.g., SSL, VPN), network monitoring tools, understanding of TCP/IP, DNS, DHCP, routing, and familiarity with network hardware and software.
question: How does a systems analyst differ from a network administrator?
Answer the question based on the provided context","Systems analysts analyze an organization’s computer systems and design solutions to help improve efficiency and effectiveness. They work to understand the organization's needs and tailor information systems to meet those requirements.  Network Administrator: Network administrators manage and maintain an organization's computer networks. They ensure network functionality, performance, and security, and address any issues that may arise. ",professions_difference
"context: Data Analyst: Skills to learn: Data analysis, SQL, data visualization tools (e.g., Tableau, Power BI), statistical analysis, programming languages (e.g., Python, R), and understanding of data modeling and reporting.

Data analysis visualization tools: Data analysis visualization tools, such as Tableau and Power BI, enable users to create visual representations of data, including charts, graphs, and dashboards, to facilitate data exploration and communication.

Data Analyst: Data analysts are tasked with interpreting and analyzing complex data sets to uncover insights that can inform business decisions. They use statistical methods and visualization techniques to present their findings in a clear and understandable manner, helping organizations understand trends, make strategic choices, and optimize performance.
question: With expertise in data analysis visualization tools, Tableau, Power BI, SQL, and Excel, what profession should I consider?
Answer the question based on the provided context","With expertise in data analysis visualization tools like Tableau and Power BI, as well as SQL and Excel proficiency, a career as a Data Analyst would be well-suited for you.",profession_for_skills
"context: IT Security Consultant Salary/ Annual Income/ Compensation: CAD 80,000 - CAD 135,000

Cyber Security Specialist Salary/ Annual Income/ Compensation: CAD 75,000 - CAD 130,000

Network Security Engineer Salary/ Annual Income/ Compensation: CAD 75,000 - CAD 130,000
question: What's the salary range for an IT Security Consultant?
Answer the question based on the provided context","The salary range for an IT Security Consultant in Canada typically falls between CAD 80,000 and CAD 135,000 annually.",professions_salary
"context: Computer Vision Engineer/ CV Engineer
Computer vision engineers specialize in developing and implementing computer vision systems, which enable computers to interpret and understand the visual world. They work on creating algorithms and models that allow machines to perceive and interpret visual information from the physical world, enabling applications such as facial recognition, object detection, and image classification.

Computer Vision Engineer/ CV Engineer/ Vision Engineer: Skills to learn: Computer vision algorithms, image processing, deep learning frameworks (e.g., TensorFlow, PyTorch), programming languages (e.g., Python, C++), and understanding of image recognition technologies.

Software Developer: Software developers are proficient in programming languages and are responsible for designing, creating, and maintaining software applications. They work in collaboration with teams to develop user-friendly and efficient software solutions.
question: What sets apart a software developer from a computer vision engineer?
Answer the question based on the provided context","Software developers are proficient in programming languages and are responsible for designing, creating, and maintaining software applications. They work in collaboration with teams to develop user-friendly and efficient software solutions.  Computer vision engineers specialize in developing and implementing computer vision systems, which enable computers to interpret and understand the visual world. They work on creating algorithms and models that allow machines to perceive and interpret visual information from the physical world, enabling applications such as facial recognition, object detection, and image classification. ",professions_difference
"context: Business Intelligence Analyst/ BI Analyst: Skills to learn: Data analysis and visualization tools, SQL and database querying, data modeling, business acumen, and the ability to translate data into actionable insights.

Business Intelligence Analyst: Business intelligence analysts gather and analyze data to provide insights that support strategic business decisions. They use data visualization tools and techniques to identify trends and patterns within the data.

IT Support Specialist: IT support specialists provide technical assistance and troubleshooting for end users' hardware and software issues. They address IT-related inquiries, diagnose problems, and implement solutions to maintain operational efficiency.
question: What distinguishes a business intelligence analyst from an IT support specialist?
Answer the question based on the provided context","Business intelligence analysts gather and analyze data to provide insights that support strategic business decisions. They use data visualization tools and techniques to identify trends and patterns within the data.  T support specialists provide technical assistance and troubleshooting for end users' hardware and software issues. They address IT-related inquiries, diagnose problems, and implement solutions to maintain operational efficiency.",professions_difference
"context: Data Scientist: Skills to learn: Machine learning, Data Science, statistical analysis, data mining, programming languages (e.g., Python, R), big data technologies, data visualization, and domain knowledge in the relevant industry.

Data Analyst: Skills to learn: Data analysis, SQL, data visualization tools (e.g., Tableau, Power BI), statistical analysis, programming languages (e.g., Python, R), and understanding of data modeling and reporting.

Data Engineer: Skills to learn: SQL, Python, data warehousing, ETL (Extract, Transform, Load) tools, database design, cloud platforms (e.g., AWS, GCP), big data technologies (e.g., Hadoop, Spark), and data visualization.
question: With expertise in data analysis, SQL, Power BI, machine learning, and Python, what profession should I consider?
Answer the question based on the provided context","Based on your expertise in data analysis, SQL, Power BI, machine learning, and Python, the profession that aligns with your skills is a Data Scientist.",profession_for_skills
"context: NLP Engineer/ Natural Language processing engineer
NLP engineers focus on developing and implementing natural language processing (NLP) systems and applications. They work on creating algorithms and models that enable computers to understand, interpret, and generate human language in a valuable way.

Deep Learning Engineer: Skills to learn: Deep learning frameworks (e.g., TensorFlow, PyTorch), neural networks, computer vision, natural language processing (NLP), programming languages (e.g., Python, R), and understanding of model optimization.

Deep Learning Engineer
Deep learning engineers specialize in developing and implementing deep learning systems, which are a subset of machine learning algorithms that are particularly effective for complex data analysis. They work on creating neural networks that are capable of learning from large amounts of data and making predictions or decisions based on that data.
question: What distinguishes a natural language processing engineer from a deep learning engineer?
Answer the question based on the provided context","NLP engineers focus on developing and implementing natural language processing (NLP) systems and applications. They work on creating algorithms and models that enable computers to understand, interpret, and generate human language in a valuable way.  Deep learning engineers specialize in developing and implementing deep learning systems, which are a subset of machine learning algorithms that are particularly effective for complex data analysis. They work on creating neural networks that are capable of learning from large amounts of data and making predictions or decisions based on that data.",professions_difference
"context: UX/UI Designer: UX/UI designers focus on creating intuitive and visually appealing user interfaces for digital products such as websites and mobile applications. They conduct user research, develop wireframes and prototypes, and design interface elements to enhance user experience. UX/UI designers collaborate closely with developers and stakeholders to ensure that the final product meets usability and design standards.

UX/UI Designer: Skills to learn: User research, wireframing, prototyping tools (e.g., Sketch, Adobe XD), usability testing, visual design principles, knowledge of responsive design, and understanding of interaction design patterns.

UX/UI Designer Salary/ Annual Income/ Compensation: CAD 65,000 - CAD 110,000
question: How does a UX/UI Designer contribute to the overall user experience of a product?
Answer the question based on the provided context","UX/UI designers focus on creating intuitive and visually appealing user interfaces for digital products such as websites and mobile applications. They conduct user research, develop wireframes and prototypes, and design interface elements to enhance user experience. UX/UI designers collaborate closely with developers and stakeholders to ensure that the final product meets usability and design standards.",profession_description
"context: Programming languages: Programming languages are formal languages used to write instructions that can be executed by computers to perform specific tasks. Examples include Python, Java, and C++.

Data Engineer: Skills to learn: SQL, Python, data warehousing, ETL (Extract, Transform, Load) tools, database design, cloud platforms (e.g., AWS, GCP), big data technologies (e.g., Hadoop, Spark), and data visualization.

Scripting languages: Scripting languages are programming languages that are used to write scripts, which are sequences of commands that can be executed without the need for compilation. Examples include Python, JavaScript, and Bash.
question: What programming languages do data engineers typically use?
Answer the question based on the provided context",Data engineers typically use Python and SQL.,skills_required_for_profession
"context: Blockchain Developer: Blockchain developers design and implement decentralized applications (DApps) using blockchain technology. They are skilled in blockchain platforms and languages like Solidity for Ethereum. Blockchain developers work on developing smart contracts, implementing security measures, and ensuring the integrity and reliability of blockchain networks.

Blockchain technology: Blockchain technology is a decentralized, distributed ledger system used to record transactions across multiple computers in a way that is secure, transparent, and tamper-proof. It forms the foundation of cryptocurrencies like Bitcoin and enables various applications beyond digital currencies.

Blockchain Developer: Skills to learn: Understanding of blockchain technology, proficiency in blockchain platforms (e.g., Ethereum, Hyperledger), smart contract development (e.g., Solidity), cryptography, decentralized application (DApp) development, and knowledge of blockchain consensus mechanisms.
question: How does Blockchain technology impact various industries, and what role do Blockchain Developers play in its implementation?
Answer the question based on the provided context","Blockchain technology: Blockchain technology is a decentralized, distributed ledger system used to record transactions across multiple computers in a way that is secure, transparent, and tamper-proof. It forms the foundation of cryptocurrencies like Bitcoin and enables various applications beyond digital currencies.  Blockchain developers design and implement decentralized applications (DApps) using blockchain technology. They are skilled in blockchain platforms and languages like Solidity for Ethereum. Blockchain developers work on developing smart contracts, implementing security measures, and ensuring the integrity and reliability of blockchain networks. ",profession_description
"context: Deep Learning Engineer
Deep learning engineers specialize in developing and implementing deep learning systems, which are a subset of machine learning algorithms that are particularly effective for complex data analysis. They work on creating neural networks that are capable of learning from large amounts of data and making predictions or decisions based on that data.

Deep Learning Engineer: Skills to learn: Deep learning frameworks (e.g., TensorFlow, PyTorch), neural networks, computer vision, natural language processing (NLP), programming languages (e.g., Python, R), and understanding of model optimization.

NLP Engineer/ Natural Language processing engineer
NLP engineers focus on developing and implementing natural language processing (NLP) systems and applications. They work on creating algorithms and models that enable computers to understand, interpret, and generate human language in a valuable way.
question: How does a deep learning engineer differ from a natural language processing engineer?
Answer the question based on the provided context","Deep learning engineers specialize in developing and implementing deep learning systems, which are a subset of machine learning algorithms that are particularly effective for complex data analysis. They work on creating neural networks that are capable of learning from large amounts of data and making predictions or decisions based on that data.  NLP engineers focus on developing and implementing natural language processing (NLP) systems and applications. They work on creating algorithms and models that enable computers to understand, interpret, and generate human language in a valuable way.",professions_difference
"context: DevOps Engineer: Skills to learn: Continuous integration/continuous deployment (CI/CD), containerization (e.g., Docker, Kubernetes), infrastructure as code (IaC), scripting languages (e.g., Bash, Python), and cloud platforms.

MLOps Engineer: Skills to learn: Machine learning model deployment, version control, continuous integration/continuous deployment (CI/CD), containerization, cloud platforms, and understanding of machine learning lifecycle management.

DevOps Engineer
DevOps engineers are responsible for bridging the gap between development and operations teams, advocating for automation and monitoring at all stages of software construction. They oversee code releases, implement continuous integration and deployment, and ensure that the infrastructure needed to support software code is operating efficiently.
question: What specific qualifications should I aim for to become a DevOps engineer?
Answer the question based on the provided context","To become a DevOps engineer, aim for qualifications in continuous integration/continuous deployment (CI/CD), containerization (e.g., Docker, Kubernetes), infrastructure as code (IaC), scripting languages (e.g., Bash, Python), and cloud platforms. ",skills_required_for_profession
"context: DevOps Engineer Salary/ Annual Income/ Compensation: CAD 80,000 - CAD 140,000

MLOps Engineer Salary/ Annual Income/ Compensation: CAD 85,000 - CAD 145,000

Software Developer Salary/ Annual Income/ Compensation: CAD 65,000 - CAD 110,000
question: What's the salary range for a DevOps Engineer in Canada?
Answer the question based on the provided context","The salary range for a DevOps Engineer in Canada is typically between CAD 80,000 and CAD 140,000 annually.",professions_salary
"context: Data Engineer: Skills to learn: SQL, Python, data warehousing, ETL (Extract, Transform, Load) tools, database design, cloud platforms (e.g., AWS, GCP), big data technologies (e.g., Hadoop, Spark), and data visualization.

Data Engineer: A data engineer designs, builds, and maintains the architecture that allows for the processing and storage of large datasets. They are responsible for developing and managing the infrastructure for data generation, collection, and storage, ensuring data availability and reliability for the organization's analytical and operational needs.

Data Scientist: Skills to learn: Machine learning, statistical analysis, data mining, programming languages (e.g., Python, R), big data technologies, data visualization, and domain knowledge in the relevant industry.
question: What are the skills required for a data engineer?
Answer the question based on the provided context","Skills required for a data engineer include proficiency in SQL, Python, data warehousing, ETL tools, database design, cloud platforms (e.g., AWS, GCP), big data technologies (e.g., Hadoop, Spark), and data visualization. ",skills_required_for_profession
"context: IT Security Consultant: IT security consultants advise organizations on how to protect their information and data from cyber threats. They assess security risks, develop security policies, and recommend and implement security solutions.

IT Security Consultant: Skills to learn: Information security frameworks, risk management, threat modeling, security architecture, security assessment tools, and understanding of regulatory compliance.

IT Project Manager: IT project managers plan, execute, and oversee IT projects, ensuring that they are completed within budget and on schedule. They coordinate resources, manage risks, and communicate with stakeholders throughout the project lifecycle.
question: What sets apart an IT security consultant from an IT project manager?
Answer the question based on the provided context","IT security consultants advise organizations on how to protect their information and data from cyber threats. They assess security risks, develop security policies, and recommend and implement security solutions.  IT project managers plan, execute, and oversee IT projects, ensuring that they are completed within budget and on schedule. They coordinate resources, manage risks, and communicate with stakeholders throughout the project lifecycle.",professions_difference
"context: Network Security Engineer: Skills to learn: Network protocols and architecture, firewall configuration and management, intrusion detection/prevention systems (IDS/IPS), VPN technologies, ethical hacking techniques, and familiarity with security standards and compliance (e.g., ISO 27001, NIST).

Network Administrator: Skills to learn: Network configuration, troubleshooting, security protocols (e.g., SSL, VPN), network monitoring tools, understanding of TCP/IP, DNS, DHCP, routing, and familiarity with network hardware and software.

Cyber Security Specialist: Skills to learn: Network security, intrusion detection systems (IDS), intrusion prevention systems (IPS), security information and event management (SIEM) products, knowledge of wired and wireless networks, and understanding of security across various platforms.
question: My strengths lie in network security, VPN, SSL, DNS, and DHCP. What career path would be most suitable for me?
Answer the question based on the provided context","With strengths in network security, VPN, SSL, DNS, and DHCP, a career path as a Network Security Engineer would be most suitable.",profession_for_skills
"context: Data Engineer: A data engineer designs, builds, and maintains the architecture that allows for the processing and storage of large datasets. They are responsible for developing and managing the infrastructure for data generation, collection, and storage, ensuring data availability and reliability for the organization's analytical and operational needs.

Data Engineer: Skills to learn: SQL, Python, data warehousing, ETL (Extract, Transform, Load) tools, database design, cloud platforms (e.g., AWS, GCP), big data technologies (e.g., Hadoop, Spark), and data visualization.

Data Architect: Skills to learn: Data modeling, database design, ETL (Extract, Transform, Load) processes, understanding of cloud platforms, big data technologies, and data governance.
question: What are the responsibilities of a data engineer?
Answer the question based on the provided context","A data engineer designs, builds, and maintains the architecture that allows for the processing and storage of large datasets. They are responsible for developing and managing the infrastructure for data generation, collection, and storage, ensuring data availability and reliability for the organization's analytical and operational needs.",profession_description
"context: Cyber Security Specialist Salary/ Annual Income/ Compensation: CAD 75,000 - CAD 130,000

IT Security Consultant Salary/ Annual Income/ Compensation: CAD 80,000 - CAD 135,000

Network Security Engineer Salary/ Annual Income/ Compensation: CAD 75,000 - CAD 130,000
question: Can you give me an idea of the salary range for a Senior Cyber Security Specialist?
Answer the question based on the provided context","The salary range for a Senior Cyber Security Specialist is typically between CAD 75,000 and CAD 130,000 annually.",professions_salary
"context: Data Scientist: Data scientists utilize advanced analytical and programming skills to explore, interpret, and extract valuable insights from large, complex datasets. They apply statistical models, machine learning algorithms, and predictive analytics to solve business problems, identify opportunities, and support data-driven decision-making.

Data Analyst: Data analysts are tasked with interpreting and analyzing complex data sets to uncover insights that can inform business decisions. They use statistical methods and visualization techniques to present their findings in a clear and understandable manner, helping organizations understand trends, make strategic choices, and optimize performance.

Data analysis: Data analysis involves examining, cleaning, transforming, and modeling data to discover useful information, patterns, and insights that can support decision-making and problem-solving.
question: How does a data analyst contribute to data-driven decision making?
Answer the question based on the provided context","A data analyst contributes to data-driven decision-making by interpreting and analyzing complex datasets to uncover insights. They utilize statistical methods and visualization techniques to present findings clearly, aiding in understanding trends and optimizing performance. Through data analysis, they identify useful information, patterns, and insights that support decision-making and problem-solving within organizations.",profession_description
"context: DevOps Engineer: Skills to learn: Continuous integration/continuous deployment (CI/CD), containerization (e.g., Docker, Kubernetes), infrastructure as code (IaC), scripting languages (e.g., Bash, Python), and cloud platforms.

MLOps Engineer: Skills to learn: Machine learning model deployment, version control, continuous integration/continuous deployment (CI/CD), containerization, cloud platforms, and understanding of machine learning lifecycle management.

Full Stack Developer: Skills to learn: Proficiency in front-end technologies (e.g., HTML, CSS, JavaScript), back-end frameworks (e.g., Node.js, Django, Ruby on Rails), databases (e.g., MySQL, MongoDB), version control (e.g., Git), and familiarity with web development tools and libraries (e.g., React, Angular, Vue.js).
question: My skills include Docker, Kubernetes, CI/CD, Python, and Linux. What career path should I consider?
Answer the question based on the provided context","With skills in Docker, Kubernetes, CI/CD, Python, and Linux, a career path as a DevOps Engineer would be most suitable for you.",profession_for_skills
"context: Deep Learning Engineer
Deep learning engineers specialize in developing and implementing deep learning systems, which are a subset of machine learning algorithms that are particularly effective for complex data analysis. They work on creating neural networks that are capable of learning from large amounts of data and making predictions or decisions based on that data.

Deep Learning Engineer: Skills to learn: Deep learning frameworks (e.g., TensorFlow, PyTorch), neural networks, computer vision, natural language processing (NLP), programming languages (e.g., Python, R), and understanding of model optimization.

Machine Learning Engineer/ ML Engineer: Machine learning engineers develop and deploy machine learning models and systems that enable computers to perform tasks without explicit programming. They work on designing, implementing, and optimizing machine learning algorithms and models, often in collaboration with data scientists and software developers, to create intelligent solutions for various applications.
question: What is the role of a deep learning engineer in training and optimizing neural networks?
Answer the question based on the provided context","Deep learning engineers specialize in developing and implementing deep learning systems, which are a subset of machine learning algorithms that are particularly effective for complex data analysis. They work on creating neural networks that are capable of learning from large amounts of data and making predictions or decisions based on that data.",profession_description
"context: Data Scientist: Skills to learn: Machine learning, statistical analysis, data mining, programming languages (e.g., Python, R), big data technologies, data visualization, and domain knowledge in the relevant industry.

Data Analyst: Skills to learn: Data analysis, SQL, data visualization tools (e.g., Tableau, Power BI), statistical analysis, programming languages (e.g., Python, R), and understanding of data modeling and reporting.

Data Engineer: Skills to learn: SQL, Python, data warehousing, ETL (Extract, Transform, Load) tools, database design, cloud platforms (e.g., AWS, GCP), big data technologies (e.g., Hadoop, Spark), and data visualization.
question: What skills and qualifications are necessary to become a Data Scientist?
Answer the question based on the provided context","To become a Data Scientist, acquire skills in machine learning, statistical analysis, data mining, programming languages like Python and R, big data technologies, data visualization, and domain knowledge relevant to the industry. ",skills_required_for_profession
"context: Business Intelligence Developer/ BI developer: Business intelligence developers create and maintain solutions for transforming raw data into actionable insights. They design and develop data models, dashboards, and reports, enabling stakeholders to access and analyze data for informed decision-making and strategic planning.

DevOps Engineer
DevOps engineers are responsible for bridging the gap between development and operations teams, advocating for automation and monitoring at all stages of software construction. They oversee code releases, implement continuous integration and deployment, and ensure that the infrastructure needed to support software code is operating efficiently.

Business Intelligence Developer/ BI Developer Salary/ Annual Income/ Compensation: CAD 70,000 - CAD 120,000
question: What are the primary differences between a business intelligence developer and a DevOps engineer?
Answer the question based on the provided context","Business Intelligence Developer/ BI developer: Business intelligence developers create and maintain solutions for transforming raw data into actionable insights. They design and develop data models, dashboards, and reports, enabling stakeholders to access and analyze data for informed decision-making and strategic planning.  DevOps engineers are responsible for bridging the gap between development and operations teams, advocating for automation and monitoring at all stages of software construction. They oversee code releases, implement continuous integration and deployment, and ensure that the infrastructure needed to support software code is operating efficiently.",professions_difference
"context: Game Developer: Game developers create interactive and immersive gaming experiences for various platforms, including consoles, PCs, and mobile devices. They are skilled in programming languages like C++, Unity, and Unreal Engine. Game developers design game mechanics, develop game logic, and optimize game performance to deliver engaging and enjoyable gaming experiences for players.


Data Scientist: Data scientists utilize advanced analytical and programming skills to explore, interpret, and extract valuable insights from large, complex datasets. They apply statistical models, machine learning algorithms, and predictive analytics to solve business problems, identify opportunities, and support data-driven decision-making.

Game Developer: Skills to learn: Proficiency in game development engines (e.g., Unity, Unreal Engine), programming languages (e.g., C++, C#, Python), game physics and mathematics, 3D modeling and animation, AI programming for games, and knowledge of game design principles and mechanics.

question: What distinguishes a game developer from a data scientist?
Answer the question based on the provided context","Game developers create interactive and immersive gaming experiences for various platforms, including consoles, PCs, and mobile devices. They are skilled in programming languages like C++, Unity, and Unreal Engine. Game developers design game mechanics, develop game logic, and optimize game performance to deliver engaging and enjoyable gaming experiences for players.  Data scientists utilize advanced analytical and programming skills to explore, interpret, and extract valuable insights from large, complex datasets. They apply statistical models, machine learning algorithms, and predictive analytics to solve business problems, identify opportunities, and support data-driven decision-making. ",professions_difference
"context: NLP Engineer/ Natural Language processing engineer: Skills to learn: Natural language processing (NLP) techniques, text mining, sentiment analysis, language modeling, programming languages (e.g., Python, R), and understanding of linguistic principles.

NLP Engineer/ Natural Language processing engineer
NLP engineers focus on developing and implementing natural language processing (NLP) systems and applications. They work on creating algorithms and models that enable computers to understand, interpret, and generate human language in a valuable way.

Natural language processing (NLP): Natural language processing (NLP) is a branch of artificial intelligence that focuses on enabling computers to understand, interpret, and generate human language, including text and speech data.
question: What programming languages and tools should I familiarize myself with to become NLP engineer?
Answer the question based on the provided context","To become an NLP engineer, familiarize yourself with programming languages like Python or R.",skills_required_for_profession
